{
  "type": "FeatureCollection",
  "name": "Metro Metropolis 2026",
  "features": [
    {
      "type": "Feature",
      "geometry": {
        "type": "Point",
        "coordinates": [
          15.0,
          15.0
        ]
      },
      "properties": {
        "entity_type": "intersection",
        "node_id": "HUB_CBD",
        "name": "Central Business District Hub",
        "node_type": "traffic_hub",
        "is_hub": true,
        "hub_category": "cbd",
        "signal_cycle_sec": 120.0
      }
    },
    {
      "type": "Feature",
      "geometry": {
        "type": "Point",
        "coordinates": [
          15.0,
          27.0
        ]
      },
      "properties": {
        "entity_type": "intersection",
        "node_id": "HUB_NORTH_LOGISTICS",
        "name": "North Industrial & Logistics Hub",
        "node_type": "logistics_hub",
        "is_hub": true,
        "hub_category": "logistics",
        "signal_cycle_sec": 100.0
      }
    },
    {
      "type": "Feature",
      "geometry": {
        "type": "Point",
        "coordinates": [
          27.0,
          15.0
        ]
      },
      "properties": {
        "entity_type": "intersection",
        "node_id": "HUB_EAST_AIRPORT",
        "name": "Metropolitan Airport & Multi-Modal Transit Hub",
        "node_type": "transit_hub",
        "is_hub": true,
        "hub_category": "airport_transit",
        "signal_cycle_sec": 110.0
      }
    },
    {
      "type": "Feature",
      "geometry": {
        "type": "Point",
        "coordinates": [
          15.0,
          3.0
        ]
      },
      "properties": {
        "entity_type": "intersection",
        "node_id": "HUB_SOUTH_TECH",
        "name": "South University & Technology Park Hub",
        "node_type": "traffic_hub",
        "is_hub": true,
        "hub_category": "tech_university",
        "signal_cycle_sec": 90.0
      }
    },
    {
      "type": "Feature",
      "geometry": {
        "type": "Point",
        "coordinates": [
          3.0,
          15.0
        ]
      },
      "properties": {
        "entity_type": "intersection",
        "node_id": "HUB_WEST_HARBOR",
        "name": "West Harbor Commercial Terminal Hub",
        "node_type": "traffic_hub",
        "is_hub": true,
        "hub_category": "harbor_commercial",
        "signal_cycle_sec": 100.0
      }
    },
    {
      "type": "Feature",
      "geometry": {
        "type": "Point",
        "coordinates": [
          14.1,
          16.2
        ]
      },
      "properties": {
        "entity_type": "intersection",
        "node_id": "HUB_CENTRAL_HOSPITAL",
        "name": "Regional Trauma Center & Emergency Operations Hub",
        "node_type": "emergency_hub",
        "is_hub": true,
        "hub_category": "emergency_center",
        "signal_cycle_sec": 75.0
      }
    },
    {
      "type": "Feature",
      "geometry": {
        "type": "Point",
        "coordinates": [
          7.0,
          23.0
        ]
      },
      "properties": {
        "entity_type": "intersection",
        "node_id": "HUB_NW_SUBURB",
        "name": "North-West Suburban Civic Hub",
        "node_type": "traffic_hub",
        "is_hub": true,
        "hub_category": "suburban_community",
        "signal_cycle_sec": 80.0
      }
    },
    {
      "type": "Feature",
      "geometry": {
        "type": "Point",
        "coordinates": [
          23.0,
          23.0
        ]
      },
      "properties": {
        "entity_type": "intersection",
        "node_id": "HUB_NE_SUBURB",
        "name": "North-East Suburban Commercial Hub",
        "node_type": "traffic_hub",
        "is_hub": true,
        "hub_category": "suburban_community",
        "signal_cycle_sec": 80.0
      }
    },
    {
      "type": "Feature",
      "geometry": {
        "type": "Point",
        "coordinates": [
          7.0,
          7.0
        ]
      },
      "properties": {
        "entity_type": "intersection",
        "node_id": "HUB_SW_SUBURB",
        "name": "South-West Residential Hub",
        "node_type": "traffic_hub",
        "is_hub": true,
        "hub_category": "suburban_community",
        "signal_cycle_sec": 80.0
      }
    },
    {
      "type": "Feature",
      "geometry": {
        "type": "Point",
        "coordinates": [
          23.0,
          7.0
        ]
      },
      "properties": {
        "entity_type": "intersection",
        "node_id": "HUB_SE_SUBURB",
        "name": "South-East Greenbelt Commons Hub",
        "node_type": "traffic_hub",
        "is_hub": true,
        "hub_category": "suburban_community",
        "signal_cycle_sec": 80.0
      }
    },
    {
      "type": "Feature",
      "geometry": {
        "type": "Point",
        "coordinates": [
          15.0,
          25.5
        ]
      },
      "properties": {
        "entity_type": "intersection",
        "node_id": "IC_RING_N",
        "name": "Beltway Orbital Interchange N",
        "node_type": "highway_interchange",
        "is_hub": true,
        "hub_category": "highway_junction",
        "signal_cycle_sec": 0.0
      }
    },
    {
      "type": "Feature",
      "geometry": {
        "type": "Point",
        "coordinates": [
          22.425,
          22.425
        ]
      },
      "properties": {
        "entity_type": "intersection",
        "node_id": "IC_RING_NE",
        "name": "Beltway Orbital Interchange NE",
        "node_type": "highway_interchange",
        "is_hub": true,
        "hub_category": "highway_junction",
        "signal_cycle_sec": 0.0
      }
    },
    {
      "type": "Feature",
      "geometry": {
        "type": "Point",
        "coordinates": [
          25.5,
          15.0
        ]
      },
      "properties": {
        "entity_type": "intersection",
        "node_id": "IC_RING_E",
        "name": "Beltway Orbital Interchange E",
        "node_type": "highway_interchange",
        "is_hub": true,
        "hub_category": "highway_junction",
        "signal_cycle_sec": 0.0
      }
    },
    {
      "type": "Feature",
      "geometry": {
        "type": "Point",
        "coordinates": [
          22.425,
          7.575
        ]
      },
      "properties": {
        "entity_type": "intersection",
        "node_id": "IC_RING_SE",
        "name": "Beltway Orbital Interchange SE",
        "node_type": "highway_interchange",
        "is_hub": true,
        "hub_category": "highway_junction",
        "signal_cycle_sec": 0.0
      }
    },
    {
      "type": "Feature",
      "geometry": {
        "type": "Point",
        "coordinates": [
          15.0,
          4.5
        ]
      },
      "properties": {
        "entity_type": "intersection",
        "node_id": "IC_RING_S",
        "name": "Beltway Orbital Interchange S",
        "node_type": "highway_interchange",
        "is_hub": true,
        "hub_category": "highway_junction",
        "signal_cycle_sec": 0.0
      }
    },
    {
      "type": "Feature",
      "geometry": {
        "type": "Point",
        "coordinates": [
          7.575,
          7.575
        ]
      },
      "properties": {
        "entity_type": "intersection",
        "node_id": "IC_RING_SW",
        "name": "Beltway Orbital Interchange SW",
        "node_type": "highway_interchange",
        "is_hub": true,
        "hub_category": "highway_junction",
        "signal_cycle_sec": 0.0
      }
    },
    {
      "type": "Feature",
      "geometry": {
        "type": "Point",
        "coordinates": [
          4.5,
          15.0
        ]
      },
      "properties": {
        "entity_type": "intersection",
        "node_id": "IC_RING_W",
        "name": "Beltway Orbital Interchange W",
        "node_type": "highway_interchange",
        "is_hub": true,
        "hub_category": "highway_junction",
        "signal_cycle_sec": 0.0
      }
    },
    {
      "type": "Feature",
      "geometry": {
        "type": "Point",
        "coordinates": [
          7.575,
          22.425
        ]
      },
      "properties": {
        "entity_type": "intersection",
        "node_id": "IC_RING_NW",
        "name": "Beltway Orbital Interchange NW",
        "node_type": "highway_interchange",
        "is_hub": true,
        "hub_category": "highway_junction",
        "signal_cycle_sec": 0.0
      }
    },
    {
      "type": "Feature",
      "geometry": {
        "type": "Point",
        "coordinates": [
          15.0,
          19.2
        ]
      },
      "properties": {
        "entity_type": "intersection",
        "node_id": "INT_INNER_N",
        "name": "Inner Ring Gateway N",
        "node_type": "standard_intersection",
        "is_hub": false,
        "hub_category": "none",
        "signal_cycle_sec": 90.0
      }
    },
    {
      "type": "Feature",
      "geometry": {
        "type": "Point",
        "coordinates": [
          19.2,
          15.0
        ]
      },
      "properties": {
        "entity_type": "intersection",
        "node_id": "INT_INNER_E",
        "name": "Inner Ring Gateway E",
        "node_type": "standard_intersection",
        "is_hub": false,
        "hub_category": "none",
        "signal_cycle_sec": 90.0
      }
    },
    {
      "type": "Feature",
      "geometry": {
        "type": "Point",
        "coordinates": [
          15.0,
          10.8
        ]
      },
      "properties": {
        "entity_type": "intersection",
        "node_id": "INT_INNER_S",
        "name": "Inner Ring Gateway S",
        "node_type": "standard_intersection",
        "is_hub": false,
        "hub_category": "none",
        "signal_cycle_sec": 90.0
      }
    },
    {
      "type": "Feature",
      "geometry": {
        "type": "Point",
        "coordinates": [
          10.8,
          15.0
        ]
      },
      "properties": {
        "entity_type": "intersection",
        "node_id": "INT_INNER_W",
        "name": "Inner Ring Gateway W",
        "node_type": "standard_intersection",
        "is_hub": false,
        "hub_category": "none",
        "signal_cycle_sec": 90.0
      }
    },
    {
      "type": "Feature",
      "geometry": {
        "type": "Point",
        "coordinates": [
          13.5,
          15.0
        ]
      },
      "properties": {
        "entity_type": "intersection",
        "node_id": "INT_CBD_1",
        "name": "Downtown CBD Block 1",
        "node_type": "standard_intersection",
        "is_hub": false,
        "hub_category": "none",
        "signal_cycle_sec": 75.0
      }
    },
    {
      "type": "Feature",
      "geometry": {
        "type": "Point",
        "coordinates": [
          16.5,
          15.0
        ]
      },
      "properties": {
        "entity_type": "intersection",
        "node_id": "INT_CBD_2",
        "name": "Downtown CBD Block 2",
        "node_type": "standard_intersection",
        "is_hub": false,
        "hub_category": "none",
        "signal_cycle_sec": 75.0
      }
    },
    {
      "type": "Feature",
      "geometry": {
        "type": "Point",
        "coordinates": [
          15.0,
          13.5
        ]
      },
      "properties": {
        "entity_type": "intersection",
        "node_id": "INT_CBD_3",
        "name": "Downtown CBD Block 3",
        "node_type": "standard_intersection",
        "is_hub": false,
        "hub_category": "none",
        "signal_cycle_sec": 75.0
      }
    },
    {
      "type": "Feature",
      "geometry": {
        "type": "Point",
        "coordinates": [
          15.0,
          16.5
        ]
      },
      "properties": {
        "entity_type": "intersection",
        "node_id": "INT_CBD_4",
        "name": "Downtown CBD Block 4",
        "node_type": "standard_intersection",
        "is_hub": false,
        "hub_category": "none",
        "signal_cycle_sec": 75.0
      }
    },
    {
      "type": "Feature",
      "geometry": {
        "type": "Point",
        "coordinates": [
          13.8,
          13.8
        ]
      },
      "properties": {
        "entity_type": "intersection",
        "node_id": "INT_CBD_5",
        "name": "Downtown CBD Block 5",
        "node_type": "standard_intersection",
        "is_hub": false,
        "hub_category": "none",
        "signal_cycle_sec": 75.0
      }
    },
    {
      "type": "Feature",
      "geometry": {
        "type": "Point",
        "coordinates": [
          16.2,
          16.2
        ]
      },
      "properties": {
        "entity_type": "intersection",
        "node_id": "INT_CBD_6",
        "name": "Downtown CBD Block 6",
        "node_type": "standard_intersection",
        "is_hub": false,
        "hub_category": "none",
        "signal_cycle_sec": 75.0
      }
    },
    {
      "type": "Feature",
      "geometry": {
        "type": "Point",
        "coordinates": [
          13.0,
          27.0
        ]
      },
      "properties": {
        "entity_type": "intersection",
        "node_id": "INT_LOG_1",
        "name": "Logistics Cargo Way 1",
        "node_type": "standard_intersection",
        "is_hub": false,
        "hub_category": "none",
        "signal_cycle_sec": 80.0
      }
    },
    {
      "type": "Feature",
      "geometry": {
        "type": "Point",
        "coordinates": [
          17.0,
          27.0
        ]
      },
      "properties": {
        "entity_type": "intersection",
        "node_id": "INT_LOG_2",
        "name": "Logistics Cargo Way 2",
        "node_type": "standard_intersection",
        "is_hub": false,
        "hub_category": "none",
        "signal_cycle_sec": 80.0
      }
    },
    {
      "type": "Feature",
      "geometry": {
        "type": "Point",
        "coordinates": [
          15.0,
          25.0
        ]
      },
      "properties": {
        "entity_type": "intersection",
        "node_id": "INT_LOG_3",
        "name": "Logistics Cargo Way 3",
        "node_type": "standard_intersection",
        "is_hub": false,
        "hub_category": "none",
        "signal_cycle_sec": 80.0
      }
    },
    {
      "type": "Feature",
      "geometry": {
        "type": "Point",
        "coordinates": [
          27.0,
          17.0
        ]
      },
      "properties": {
        "entity_type": "intersection",
        "node_id": "INT_AIR_1",
        "name": "Airport Terminal Connector 1",
        "node_type": "standard_intersection",
        "is_hub": false,
        "hub_category": "none",
        "signal_cycle_sec": 85.0
      }
    },
    {
      "type": "Feature",
      "geometry": {
        "type": "Point",
        "coordinates": [
          27.0,
          13.0
        ]
      },
      "properties": {
        "entity_type": "intersection",
        "node_id": "INT_AIR_2",
        "name": "Airport Terminal Connector 2",
        "node_type": "standard_intersection",
        "is_hub": false,
        "hub_category": "none",
        "signal_cycle_sec": 85.0
      }
    },
    {
      "type": "Feature",
      "geometry": {
        "type": "Point",
        "coordinates": [
          25.0,
          15.0
        ]
      },
      "properties": {
        "entity_type": "intersection",
        "node_id": "INT_AIR_3",
        "name": "Airport Terminal Connector 3",
        "node_type": "standard_intersection",
        "is_hub": false,
        "hub_category": "none",
        "signal_cycle_sec": 85.0
      }
    },
    {
      "type": "Feature",
      "geometry": {
        "type": "Point",
        "coordinates": [
          13.0,
          3.0
        ]
      },
      "properties": {
        "entity_type": "intersection",
        "node_id": "INT_TECH_1",
        "name": "Tech Boulevard Campus 1",
        "node_type": "standard_intersection",
        "is_hub": false,
        "hub_category": "none",
        "signal_cycle_sec": 70.0
      }
    },
    {
      "type": "Feature",
      "geometry": {
        "type": "Point",
        "coordinates": [
          17.0,
          3.0
        ]
      },
      "properties": {
        "entity_type": "intersection",
        "node_id": "INT_TECH_2",
        "name": "Tech Boulevard Campus 2",
        "node_type": "standard_intersection",
        "is_hub": false,
        "hub_category": "none",
        "signal_cycle_sec": 70.0
      }
    },
    {
      "type": "Feature",
      "geometry": {
        "type": "Point",
        "coordinates": [
          15.0,
          5.0
        ]
      },
      "properties": {
        "entity_type": "intersection",
        "node_id": "INT_TECH_3",
        "name": "Tech Boulevard Campus 3",
        "node_type": "standard_intersection",
        "is_hub": false,
        "hub_category": "none",
        "signal_cycle_sec": 70.0
      }
    },
    {
      "type": "Feature",
      "geometry": {
        "type": "Point",
        "coordinates": [
          3.0,
          17.0
        ]
      },
      "properties": {
        "entity_type": "intersection",
        "node_id": "INT_HARB_1",
        "name": "Harbor Pier Way 1",
        "node_type": "standard_intersection",
        "is_hub": false,
        "hub_category": "none",
        "signal_cycle_sec": 80.0
      }
    },
    {
      "type": "Feature",
      "geometry": {
        "type": "Point",
        "coordinates": [
          3.0,
          13.0
        ]
      },
      "properties": {
        "entity_type": "intersection",
        "node_id": "INT_HARB_2",
        "name": "Harbor Pier Way 2",
        "node_type": "standard_intersection",
        "is_hub": false,
        "hub_category": "none",
        "signal_cycle_sec": 80.0
      }
    },
    {
      "type": "Feature",
      "geometry": {
        "type": "Point",
        "coordinates": [
          5.0,
          15.0
        ]
      },
      "properties": {
        "entity_type": "intersection",
        "node_id": "INT_HARB_3",
        "name": "Harbor Pier Way 3",
        "node_type": "standard_intersection",
        "is_hub": false,
        "hub_category": "none",
        "signal_cycle_sec": 80.0
      }
    },
    {
      "type": "Feature",
      "geometry": {
        "type": "Point",
        "coordinates": [
          5.2,
          23.0
        ]
      },
      "properties": {
        "entity_type": "intersection",
        "node_id": "INT_NW_1",
        "name": "NW Residential Sector 1",
        "node_type": "standard_intersection",
        "is_hub": false,
        "hub_category": "none",
        "signal_cycle_sec": 60.0
      }
    },
    {
      "type": "Feature",
      "geometry": {
        "type": "Point",
        "coordinates": [
          8.8,
          23.0
        ]
      },
      "properties": {
        "entity_type": "intersection",
        "node_id": "INT_NW_2",
        "name": "NW Residential Sector 2",
        "node_type": "standard_intersection",
        "is_hub": false,
        "hub_category": "none",
        "signal_cycle_sec": 60.0
      }
    },
    {
      "type": "Feature",
      "geometry": {
        "type": "Point",
        "coordinates": [
          7.0,
          21.2
        ]
      },
      "properties": {
        "entity_type": "intersection",
        "node_id": "INT_NW_3",
        "name": "NW Residential Sector 3",
        "node_type": "standard_intersection",
        "is_hub": false,
        "hub_category": "none",
        "signal_cycle_sec": 60.0
      }
    },
    {
      "type": "Feature",
      "geometry": {
        "type": "Point",
        "coordinates": [
          7.0,
          24.8
        ]
      },
      "properties": {
        "entity_type": "intersection",
        "node_id": "INT_NW_4",
        "name": "NW Residential Sector 4",
        "node_type": "standard_intersection",
        "is_hub": false,
        "hub_category": "none",
        "signal_cycle_sec": 60.0
      }
    },
    {
      "type": "Feature",
      "geometry": {
        "type": "Point",
        "coordinates": [
          21.2,
          23.0
        ]
      },
      "properties": {
        "entity_type": "intersection",
        "node_id": "INT_NE_1",
        "name": "NE Residential Sector 1",
        "node_type": "standard_intersection",
        "is_hub": false,
        "hub_category": "none",
        "signal_cycle_sec": 60.0
      }
    },
    {
      "type": "Feature",
      "geometry": {
        "type": "Point",
        "coordinates": [
          24.8,
          23.0
        ]
      },
      "properties": {
        "entity_type": "intersection",
        "node_id": "INT_NE_2",
        "name": "NE Residential Sector 2",
        "node_type": "standard_intersection",
        "is_hub": false,
        "hub_category": "none",
        "signal_cycle_sec": 60.0
      }
    },
    {
      "type": "Feature",
      "geometry": {
        "type": "Point",
        "coordinates": [
          23.0,
          21.2
        ]
      },
      "properties": {
        "entity_type": "intersection",
        "node_id": "INT_NE_3",
        "name": "NE Residential Sector 3",
        "node_type": "standard_intersection",
        "is_hub": false,
        "hub_category": "none",
        "signal_cycle_sec": 60.0
      }
    },
    {
      "type": "Feature",
      "geometry": {
        "type": "Point",
        "coordinates": [
          23.0,
          24.8
        ]
      },
      "properties": {
        "entity_type": "intersection",
        "node_id": "INT_NE_4",
        "name": "NE Residential Sector 4",
        "node_type": "standard_intersection",
        "is_hub": false,
        "hub_category": "none",
        "signal_cycle_sec": 60.0
      }
    },
    {
      "type": "Feature",
      "geometry": {
        "type": "Point",
        "coordinates": [
          5.2,
          7.0
        ]
      },
      "properties": {
        "entity_type": "intersection",
        "node_id": "INT_SW_1",
        "name": "SW Residential Sector 1",
        "node_type": "standard_intersection",
        "is_hub": false,
        "hub_category": "none",
        "signal_cycle_sec": 60.0
      }
    },
    {
      "type": "Feature",
      "geometry": {
        "type": "Point",
        "coordinates": [
          8.8,
          7.0
        ]
      },
      "properties": {
        "entity_type": "intersection",
        "node_id": "INT_SW_2",
        "name": "SW Residential Sector 2",
        "node_type": "standard_intersection",
        "is_hub": false,
        "hub_category": "none",
        "signal_cycle_sec": 60.0
      }
    },
    {
      "type": "Feature",
      "geometry": {
        "type": "Point",
        "coordinates": [
          7.0,
          5.2
        ]
      },
      "properties": {
        "entity_type": "intersection",
        "node_id": "INT_SW_3",
        "name": "SW Residential Sector 3",
        "node_type": "standard_intersection",
        "is_hub": false,
        "hub_category": "none",
        "signal_cycle_sec": 60.0
      }
    },
    {
      "type": "Feature",
      "geometry": {
        "type": "Point",
        "coordinates": [
          7.0,
          8.8
        ]
      },
      "properties": {
        "entity_type": "intersection",
        "node_id": "INT_SW_4",
        "name": "SW Residential Sector 4",
        "node_type": "standard_intersection",
        "is_hub": false,
        "hub_category": "none",
        "signal_cycle_sec": 60.0
      }
    },
    {
      "type": "Feature",
      "geometry": {
        "type": "Point",
        "coordinates": [
          21.2,
          7.0
        ]
      },
      "properties": {
        "entity_type": "intersection",
        "node_id": "INT_SE_1",
        "name": "SE Residential Sector 1",
        "node_type": "standard_intersection",
        "is_hub": false,
        "hub_category": "none",
        "signal_cycle_sec": 60.0
      }
    },
    {
      "type": "Feature",
      "geometry": {
        "type": "Point",
        "coordinates": [
          24.8,
          7.0
        ]
      },
      "properties": {
        "entity_type": "intersection",
        "node_id": "INT_SE_2",
        "name": "SE Residential Sector 2",
        "node_type": "standard_intersection",
        "is_hub": false,
        "hub_category": "none",
        "signal_cycle_sec": 60.0
      }
    },
    {
      "type": "Feature",
      "geometry": {
        "type": "Point",
        "coordinates": [
          23.0,
          5.2
        ]
      },
      "properties": {
        "entity_type": "intersection",
        "node_id": "INT_SE_3",
        "name": "SE Residential Sector 3",
        "node_type": "standard_intersection",
        "is_hub": false,
        "hub_category": "none",
        "signal_cycle_sec": 60.0
      }
    },
    {
      "type": "Feature",
      "geometry": {
        "type": "Point",
        "coordinates": [
          23.0,
          8.8
        ]
      },
      "properties": {
        "entity_type": "intersection",
        "node_id": "INT_SE_4",
        "name": "SE Residential Sector 4",
        "node_type": "standard_intersection",
        "is_hub": false,
        "hub_category": "none",
        "signal_cycle_sec": 60.0
      }
    },
    {
      "type": "Feature",
      "geometry": {
        "type": "LineString",
        "coordinates": [
          [
            15.0,
            25.5
          ],
          [
            22.425,
            22.425
          ]
        ]
      },
      "properties": {
        "entity_type": "road",
        "road_id": "ROAD_IC_RING_N_IC_RING_NE",
        "source": "IC_RING_N",
        "target": "IC_RING_NE",
        "name": "Metropolitan Orbital Beltway (IC_RING_N -> IC_RING_NE)",
        "road_class": "highway",
        "distance": 8.197,
        "lane_count": 4,
        "capacity": 4590.3,
        "speed_limit": 110.0,
        "current_speed": 49.53,
        "vehicle_count": 5737.875,
        "congestion_ratio": 1.25,
        "congestion_level": "severe",
        "incident_status": "none",
        "dynamic_cost": 12.075089190340911,
        "is_blocked": false
      }
    },
    {
      "type": "Feature",
      "geometry": {
        "type": "LineString",
        "coordinates": [
          [
            22.425,
            22.425
          ],
          [
            15.0,
            25.5
          ]
        ]
      },
      "properties": {
        "entity_type": "road",
        "road_id": "ROAD_IC_RING_NE_IC_RING_N",
        "source": "IC_RING_NE",
        "target": "IC_RING_N",
        "name": "Metropolitan Orbital Beltway (IC_RING_NE -> IC_RING_N)",
        "road_class": "highway",
        "distance": 8.197,
        "lane_count": 4,
        "capacity": 4590.3,
        "speed_limit": 110.0,
        "current_speed": 109.79,
        "vehicle_count": 1138.7,
        "congestion_ratio": 0.2481,
        "congestion_level": "free_flow",
        "incident_status": "none",
        "dynamic_cost": 4.4795564849897005,
        "is_blocked": false
      }
    },
    {
      "type": "Feature",
      "geometry": {
        "type": "LineString",
        "coordinates": [
          [
            22.425,
            22.425
          ],
          [
            25.5,
            15.0
          ]
        ]
      },
      "properties": {
        "entity_type": "road",
        "road_id": "ROAD_IC_RING_NE_IC_RING_E",
        "source": "IC_RING_NE",
        "target": "IC_RING_E",
        "name": "Metropolitan Orbital Beltway (IC_RING_NE -> IC_RING_E)",
        "road_class": "highway",
        "distance": 8.197,
        "lane_count": 4,
        "capacity": 4590.3,
        "speed_limit": 110.0,
        "current_speed": 109.67,
        "vehicle_count": 1279.3,
        "congestion_ratio": 0.2787,
        "congestion_level": "free_flow",
        "incident_status": "none",
        "dynamic_cost": 4.484577706216888,
        "is_blocked": false
      }
    },
    {
      "type": "Feature",
      "geometry": {
        "type": "LineString",
        "coordinates": [
          [
            25.5,
            15.0
          ],
          [
            22.425,
            22.425
          ]
        ]
      },
      "properties": {
        "entity_type": "road",
        "road_id": "ROAD_IC_RING_E_IC_RING_NE",
        "source": "IC_RING_E",
        "target": "IC_RING_NE",
        "name": "Metropolitan Orbital Beltway (IC_RING_E -> IC_RING_NE)",
        "road_class": "highway",
        "distance": 8.197,
        "lane_count": 4,
        "capacity": 4590.3,
        "speed_limit": 110.0,
        "current_speed": 109.7,
        "vehicle_count": 1250.1,
        "congestion_ratio": 0.2723,
        "congestion_level": "free_flow",
        "incident_status": "none",
        "dynamic_cost": 4.483387882838503,
        "is_blocked": false
      }
    },
    {
      "type": "Feature",
      "geometry": {
        "type": "LineString",
        "coordinates": [
          [
            25.5,
            15.0
          ],
          [
            22.425,
            7.575
          ]
        ]
      },
      "properties": {
        "entity_type": "road",
        "road_id": "ROAD_IC_RING_E_IC_RING_SE",
        "source": "IC_RING_E",
        "target": "IC_RING_SE",
        "name": "Metropolitan Orbital Beltway (IC_RING_E -> IC_RING_SE)",
        "road_class": "highway",
        "distance": 8.197,
        "lane_count": 4,
        "capacity": 4590.3,
        "speed_limit": 110.0,
        "current_speed": 109.31,
        "vehicle_count": 1538.7,
        "congestion_ratio": 0.3352,
        "congestion_level": "free_flow",
        "incident_status": "none",
        "dynamic_cost": 4.499315979911951,
        "is_blocked": false
      }
    },
    {
      "type": "Feature",
      "geometry": {
        "type": "LineString",
        "coordinates": [
          [
            22.425,
            7.575
          ],
          [
            25.5,
            15.0
          ]
        ]
      },
      "properties": {
        "entity_type": "road",
        "road_id": "ROAD_IC_RING_SE_IC_RING_E",
        "source": "IC_RING_SE",
        "target": "IC_RING_E",
        "name": "Metropolitan Orbital Beltway (IC_RING_SE -> IC_RING_E)",
        "road_class": "highway",
        "distance": 8.197,
        "lane_count": 4,
        "capacity": 4590.3,
        "speed_limit": 110.0,
        "current_speed": 109.37,
        "vehicle_count": 1505.1,
        "congestion_ratio": 0.3279,
        "congestion_level": "free_flow",
        "incident_status": "none",
        "dynamic_cost": 4.496930203375473,
        "is_blocked": false
      }
    },
    {
      "type": "Feature",
      "geometry": {
        "type": "LineString",
        "coordinates": [
          [
            22.425,
            7.575
          ],
          [
            15.0,
            4.5
          ]
        ]
      },
      "properties": {
        "entity_type": "road",
        "road_id": "ROAD_IC_RING_SE_IC_RING_S",
        "source": "IC_RING_SE",
        "target": "IC_RING_S",
        "name": "Metropolitan Orbital Beltway (IC_RING_SE -> IC_RING_S)",
        "road_class": "highway",
        "distance": 8.197,
        "lane_count": 4,
        "capacity": 4590.3,
        "speed_limit": 110.0,
        "current_speed": 109.14,
        "vehicle_count": 1626.3,
        "congestion_ratio": 0.3543,
        "congestion_level": "normal",
        "incident_status": "none",
        "dynamic_cost": 4.506313546590363,
        "is_blocked": false
      }
    },
    {
      "type": "Feature",
      "geometry": {
        "type": "LineString",
        "coordinates": [
          [
            15.0,
            4.5
          ],
          [
            22.425,
            7.575
          ]
        ]
      },
      "properties": {
        "entity_type": "road",
        "road_id": "ROAD_IC_RING_S_IC_RING_SE",
        "source": "IC_RING_S",
        "target": "IC_RING_SE",
        "name": "Metropolitan Orbital Beltway (IC_RING_S -> IC_RING_SE)",
        "road_class": "highway",
        "distance": 8.197,
        "lane_count": 4,
        "capacity": 4590.3,
        "speed_limit": 110.0,
        "current_speed": 109.77,
        "vehicle_count": 1173.5,
        "congestion_ratio": 0.2556,
        "congestion_level": "free_flow",
        "incident_status": "none",
        "dynamic_cost": 4.480639770737745,
        "is_blocked": false
      }
    },
    {
      "type": "Feature",
      "geometry": {
        "type": "LineString",
        "coordinates": [
          [
            15.0,
            4.5
          ],
          [
            7.575,
            7.575
          ]
        ]
      },
      "properties": {
        "entity_type": "road",
        "road_id": "ROAD_IC_RING_S_IC_RING_SW",
        "source": "IC_RING_S",
        "target": "IC_RING_SW",
        "name": "Metropolitan Orbital Beltway (IC_RING_S -> IC_RING_SW)",
        "road_class": "highway",
        "distance": 8.197,
        "lane_count": 4,
        "capacity": 4590.3,
        "speed_limit": 110.0,
        "current_speed": 109.58,
        "vehicle_count": 1361.9,
        "congestion_ratio": 0.2967,
        "congestion_level": "free_flow",
        "incident_status": "none",
        "dynamic_cost": 4.488412991670797,
        "is_blocked": false
      }
    },
    {
      "type": "Feature",
      "geometry": {
        "type": "LineString",
        "coordinates": [
          [
            7.575,
            7.575
          ],
          [
            15.0,
            4.5
          ]
        ]
      },
      "properties": {
        "entity_type": "road",
        "road_id": "ROAD_IC_RING_SW_IC_RING_S",
        "source": "IC_RING_SW",
        "target": "IC_RING_S",
        "name": "Metropolitan Orbital Beltway (IC_RING_SW -> IC_RING_S)",
        "road_class": "highway",
        "distance": 8.197,
        "lane_count": 4,
        "capacity": 4590.3,
        "speed_limit": 110.0,
        "current_speed": 109.79,
        "vehicle_count": 1141.4,
        "congestion_ratio": 0.2487,
        "congestion_level": "free_flow",
        "incident_status": "none",
        "dynamic_cost": 4.479637062767556,
        "is_blocked": false
      }
    },
    {
      "type": "Feature",
      "geometry": {
        "type": "LineString",
        "coordinates": [
          [
            7.575,
            7.575
          ],
          [
            4.5,
            15.0
          ]
        ]
      },
      "properties": {
        "entity_type": "road",
        "road_id": "ROAD_IC_RING_SW_IC_RING_W",
        "source": "IC_RING_SW",
        "target": "IC_RING_W",
        "name": "Metropolitan Orbital Beltway (IC_RING_SW -> IC_RING_W)",
        "road_class": "highway",
        "distance": 8.197,
        "lane_count": 4,
        "capacity": 4590.3,
        "speed_limit": 110.0,
        "current_speed": 109.7,
        "vehicle_count": 1247.6,
        "congestion_ratio": 0.2718,
        "congestion_level": "free_flow",
        "incident_status": "none",
        "dynamic_cost": 4.483289809604899,
        "is_blocked": false
      }
    },
    {
      "type": "Feature",
      "geometry": {
        "type": "LineString",
        "coordinates": [
          [
            4.5,
            15.0
          ],
          [
            7.575,
            7.575
          ]
        ]
      },
      "properties": {
        "entity_type": "road",
        "road_id": "ROAD_IC_RING_W_IC_RING_SW",
        "source": "IC_RING_W",
        "target": "IC_RING_SW",
        "name": "Metropolitan Orbital Beltway (IC_RING_W -> IC_RING_SW)",
        "road_class": "highway",
        "distance": 8.197,
        "lane_count": 4,
        "capacity": 4590.3,
        "speed_limit": 110.0,
        "current_speed": 109.51,
        "vehicle_count": 1408.8,
        "congestion_ratio": 0.3069,
        "congestion_level": "free_flow",
        "incident_status": "none",
        "dynamic_cost": 4.490925196267557,
        "is_blocked": false
      }
    },
    {
      "type": "Feature",
      "geometry": {
        "type": "LineString",
        "coordinates": [
          [
            4.5,
            15.0
          ],
          [
            7.575,
            22.425
          ]
        ]
      },
      "properties": {
        "entity_type": "road",
        "road_id": "ROAD_IC_RING_W_IC_RING_NW",
        "source": "IC_RING_W",
        "target": "IC_RING_NW",
        "name": "Metropolitan Orbital Beltway (IC_RING_W -> IC_RING_NW)",
        "road_class": "highway",
        "distance": 8.197,
        "lane_count": 4,
        "capacity": 4590.3,
        "speed_limit": 110.0,
        "current_speed": 109.79,
        "vehicle_count": 1139.5,
        "congestion_ratio": 0.2482,
        "congestion_level": "free_flow",
        "incident_status": "none",
        "dynamic_cost": 4.479580300221481,
        "is_blocked": false
      }
    },
    {
      "type": "Feature",
      "geometry": {
        "type": "LineString",
        "coordinates": [
          [
            7.575,
            22.425
          ],
          [
            4.5,
            15.0
          ]
        ]
      },
      "properties": {
        "entity_type": "road",
        "road_id": "ROAD_IC_RING_NW_IC_RING_W",
        "source": "IC_RING_NW",
        "target": "IC_RING_W",
        "name": "Metropolitan Orbital Beltway (IC_RING_NW -> IC_RING_W)",
        "road_class": "highway",
        "distance": 8.197,
        "lane_count": 4,
        "capacity": 4590.3,
        "speed_limit": 110.0,
        "current_speed": 109.71,
        "vehicle_count": 1236.4,
        "congestion_ratio": 0.2694,
        "congestion_level": "free_flow",
        "incident_status": "none",
        "dynamic_cost": 4.482857623444442,
        "is_blocked": false
      }
    },
    {
      "type": "Feature",
      "geometry": {
        "type": "LineString",
        "coordinates": [
          [
            7.575,
            22.425
          ],
          [
            15.0,
            25.5
          ]
        ]
      },
      "properties": {
        "entity_type": "road",
        "road_id": "ROAD_IC_RING_NW_IC_RING_N",
        "source": "IC_RING_NW",
        "target": "IC_RING_N",
        "name": "Metropolitan Orbital Beltway (IC_RING_NW -> IC_RING_N)",
        "road_class": "highway",
        "distance": 8.197,
        "lane_count": 4,
        "capacity": 4590.3,
        "speed_limit": 110.0,
        "current_speed": 109.39,
        "vehicle_count": 1490.1,
        "congestion_ratio": 0.3246,
        "congestion_level": "free_flow",
        "incident_status": "none",
        "dynamic_cost": 4.495915430472842,
        "is_blocked": false
      }
    },
    {
      "type": "Feature",
      "geometry": {
        "type": "LineString",
        "coordinates": [
          [
            15.0,
            25.5
          ],
          [
            7.575,
            22.425
          ]
        ]
      },
      "properties": {
        "entity_type": "road",
        "road_id": "ROAD_IC_RING_N_IC_RING_NW",
        "source": "IC_RING_N",
        "target": "IC_RING_NW",
        "name": "Metropolitan Orbital Beltway (IC_RING_N -> IC_RING_NW)",
        "road_class": "highway",
        "distance": 8.197,
        "lane_count": 4,
        "capacity": 4590.3,
        "speed_limit": 110.0,
        "current_speed": 109.48,
        "vehicle_count": 1431.1,
        "congestion_ratio": 0.3118,
        "congestion_level": "free_flow",
        "incident_status": "none",
        "dynamic_cost": 4.492211163828549,
        "is_blocked": false
      }
    },
    {
      "type": "Feature",
      "geometry": {
        "type": "LineString",
        "coordinates": [
          [
            15.0,
            15.0
          ],
          [
            15.0,
            19.2
          ]
        ]
      },
      "properties": {
        "entity_type": "road",
        "road_id": "ROAD_HUB_CBD_INT_INNER_N",
        "source": "HUB_CBD",
        "target": "INT_INNER_N",
        "name": "North Radial Expressway (HUB_CBD -> INT_INNER_N)",
        "road_class": "highway",
        "distance": 4.2,
        "lane_count": 3,
        "capacity": 1575.0,
        "speed_limit": 90.0,
        "current_speed": 89.19,
        "vehicle_count": 578.3,
        "congestion_ratio": 0.3672,
        "congestion_level": "normal",
        "incident_status": "none",
        "dynamic_cost": 2.825445944311505,
        "is_blocked": false
      }
    },
    {
      "type": "Feature",
      "geometry": {
        "type": "LineString",
        "coordinates": [
          [
            15.0,
            19.2
          ],
          [
            15.0,
            15.0
          ]
        ]
      },
      "properties": {
        "entity_type": "road",
        "road_id": "ROAD_INT_INNER_N_HUB_CBD",
        "source": "INT_INNER_N",
        "target": "HUB_CBD",
        "name": "North Radial Expressway (INT_INNER_N -> HUB_CBD)",
        "road_class": "highway",
        "distance": 4.2,
        "lane_count": 3,
        "capacity": 1575.0,
        "speed_limit": 90.0,
        "current_speed": 88.51,
        "vehicle_count": 674.4,
        "congestion_ratio": 0.4282,
        "congestion_level": "normal",
        "incident_status": "none",
        "dynamic_cost": 2.847062614444604,
        "is_blocked": false
      }
    },
    {
      "type": "Feature",
      "geometry": {
        "type": "LineString",
        "coordinates": [
          [
            15.0,
            19.2
          ],
          [
            15.0,
            25.5
          ]
        ]
      },
      "properties": {
        "entity_type": "road",
        "road_id": "ROAD_INT_INNER_N_IC_RING_N",
        "source": "INT_INNER_N",
        "target": "IC_RING_N",
        "name": "North Radial Expressway (INT_INNER_N -> IC_RING_N)",
        "road_class": "highway",
        "distance": 6.3,
        "lane_count": 4,
        "capacity": 3150.0,
        "speed_limit": 100.0,
        "current_speed": 99.3,
        "vehicle_count": 1084.1,
        "congestion_ratio": 0.3442,
        "congestion_level": "free_flow",
        "incident_status": "none",
        "dynamic_cost": 3.8065153257349276,
        "is_blocked": false
      }
    },
    {
      "type": "Feature",
      "geometry": {
        "type": "LineString",
        "coordinates": [
          [
            15.0,
            25.5
          ],
          [
            15.0,
            19.2
          ]
        ]
      },
      "properties": {
        "entity_type": "road",
        "road_id": "ROAD_IC_RING_N_INT_INNER_N",
        "source": "IC_RING_N",
        "target": "INT_INNER_N",
        "name": "North Radial Expressway (IC_RING_N -> INT_INNER_N)",
        "road_class": "highway",
        "distance": 6.3,
        "lane_count": 4,
        "capacity": 3150.0,
        "speed_limit": 100.0,
        "current_speed": 99.82,
        "vehicle_count": 774.3,
        "congestion_ratio": 0.2458,
        "congestion_level": "free_flow",
        "incident_status": "none",
        "dynamic_cost": 3.786900119721162,
        "is_blocked": false
      }
    },
    {
      "type": "Feature",
      "geometry": {
        "type": "LineString",
        "coordinates": [
          [
            15.0,
            25.5
          ],
          [
            15.0,
            27.0
          ]
        ]
      },
      "properties": {
        "entity_type": "road",
        "road_id": "ROAD_IC_RING_N_HUB_NORTH_LOGISTICS",
        "source": "IC_RING_N",
        "target": "HUB_NORTH_LOGISTICS",
        "name": "Logistics Freight Spur (IC_RING_N -> HUB_NORTH_LOGISTICS)",
        "road_class": "highway",
        "distance": 1.5,
        "lane_count": 3,
        "capacity": 562.5,
        "speed_limit": 90.0,
        "current_speed": 89.38,
        "vehicle_count": 193.3,
        "congestion_ratio": 0.3436,
        "congestion_level": "free_flow",
        "incident_status": "none",
        "dynamic_cost": 1.0069728016818178,
        "is_blocked": false
      }
    },
    {
      "type": "Feature",
      "geometry": {
        "type": "LineString",
        "coordinates": [
          [
            15.0,
            27.0
          ],
          [
            15.0,
            25.5
          ]
        ]
      },
      "properties": {
        "entity_type": "road",
        "road_id": "ROAD_HUB_NORTH_LOGISTICS_IC_RING_N",
        "source": "HUB_NORTH_LOGISTICS",
        "target": "IC_RING_N",
        "name": "Logistics Freight Spur (HUB_NORTH_LOGISTICS -> IC_RING_N)",
        "road_class": "highway",
        "distance": 1.5,
        "lane_count": 3,
        "capacity": 562.5,
        "speed_limit": 90.0,
        "current_speed": 89.47,
        "vehicle_count": 185.9,
        "congestion_ratio": 0.3305,
        "congestion_level": "free_flow",
        "incident_status": "none",
        "dynamic_cost": 1.0059648215624832,
        "is_blocked": false
      }
    },
    {
      "type": "Feature",
      "geometry": {
        "type": "LineString",
        "coordinates": [
          [
            15.0,
            15.0
          ],
          [
            19.2,
            15.0
          ]
        ]
      },
      "properties": {
        "entity_type": "road",
        "road_id": "ROAD_HUB_CBD_INT_INNER_E",
        "source": "HUB_CBD",
        "target": "INT_INNER_E",
        "name": "Airport Express Expressway (HUB_CBD -> INT_INNER_E)",
        "road_class": "highway",
        "distance": 4.2,
        "lane_count": 3,
        "capacity": 1575.0,
        "speed_limit": 90.0,
        "current_speed": 89.0,
        "vehicle_count": 609.6,
        "congestion_ratio": 0.387,
        "congestion_level": "normal",
        "incident_status": "none",
        "dynamic_cost": 2.831418513719177,
        "is_blocked": false
      }
    },
    {
      "type": "Feature",
      "geometry": {
        "type": "LineString",
        "coordinates": [
          [
            19.2,
            15.0
          ],
          [
            15.0,
            15.0
          ]
        ]
      },
      "properties": {
        "entity_type": "road",
        "road_id": "ROAD_INT_INNER_E_HUB_CBD",
        "source": "INT_INNER_E",
        "target": "HUB_CBD",
        "name": "Airport Express Expressway (INT_INNER_E -> HUB_CBD)",
        "road_class": "highway",
        "distance": 4.2,
        "lane_count": 3,
        "capacity": 1575.0,
        "speed_limit": 90.0,
        "current_speed": 89.28,
        "vehicle_count": 561.4,
        "congestion_ratio": 0.3564,
        "congestion_level": "normal",
        "incident_status": "none",
        "dynamic_cost": 2.8225993233660684,
        "is_blocked": false
      }
    },
    {
      "type": "Feature",
      "geometry": {
        "type": "LineString",
        "coordinates": [
          [
            19.2,
            15.0
          ],
          [
            25.5,
            15.0
          ]
        ]
      },
      "properties": {
        "entity_type": "road",
        "road_id": "ROAD_INT_INNER_E_IC_RING_E",
        "source": "INT_INNER_E",
        "target": "IC_RING_E",
        "name": "Airport Express Expressway (INT_INNER_E -> IC_RING_E)",
        "road_class": "highway",
        "distance": 6.3,
        "lane_count": 4,
        "capacity": 3150.0,
        "speed_limit": 100.0,
        "current_speed": 99.15,
        "vehicle_count": 1141.1,
        "congestion_ratio": 0.3623,
        "congestion_level": "normal",
        "incident_status": "none",
        "dynamic_cost": 3.812547258294964,
        "is_blocked": false
      }
    },
    {
      "type": "Feature",
      "geometry": {
        "type": "LineString",
        "coordinates": [
          [
            25.5,
            15.0
          ],
          [
            19.2,
            15.0
          ]
        ]
      },
      "properties": {
        "entity_type": "road",
        "road_id": "ROAD_IC_RING_E_INT_INNER_E",
        "source": "IC_RING_E",
        "target": "INT_INNER_E",
        "name": "Airport Express Expressway (IC_RING_E -> INT_INNER_E)",
        "road_class": "highway",
        "distance": 6.3,
        "lane_count": 4,
        "capacity": 3150.0,
        "speed_limit": 100.0,
        "current_speed": 99.67,
        "vehicle_count": 901.6,
        "congestion_ratio": 0.2862,
        "congestion_level": "free_flow",
        "incident_status": "none",
        "dynamic_cost": 3.7926845539858123,
        "is_blocked": false
      }
    },
    {
      "type": "Feature",
      "geometry": {
        "type": "LineString",
        "coordinates": [
          [
            25.5,
            15.0
          ],
          [
            27.0,
            15.0
          ]
        ]
      },
      "properties": {
        "entity_type": "road",
        "road_id": "ROAD_IC_RING_E_HUB_EAST_AIRPORT",
        "source": "IC_RING_E",
        "target": "HUB_EAST_AIRPORT",
        "name": "Airport Terminal Parkway (IC_RING_E -> HUB_EAST_AIRPORT)",
        "road_class": "highway",
        "distance": 1.5,
        "lane_count": 4,
        "capacity": 750.0,
        "speed_limit": 100.0,
        "current_speed": 99.78,
        "vehicle_count": 192.3,
        "congestion_ratio": 0.2564,
        "congestion_level": "free_flow",
        "incident_status": "none",
        "dynamic_cost": 0.9019448432197746,
        "is_blocked": false
      }
    },
    {
      "type": "Feature",
      "geometry": {
        "type": "LineString",
        "coordinates": [
          [
            27.0,
            15.0
          ],
          [
            25.5,
            15.0
          ]
        ]
      },
      "properties": {
        "entity_type": "road",
        "road_id": "ROAD_HUB_EAST_AIRPORT_IC_RING_E",
        "source": "HUB_EAST_AIRPORT",
        "target": "IC_RING_E",
        "name": "Airport Terminal Parkway (HUB_EAST_AIRPORT -> IC_RING_E)",
        "road_class": "highway",
        "distance": 1.5,
        "lane_count": 4,
        "capacity": 750.0,
        "speed_limit": 100.0,
        "current_speed": 99.78,
        "vehicle_count": 192.6,
        "congestion_ratio": 0.2568,
        "congestion_level": "free_flow",
        "incident_status": "none",
        "dynamic_cost": 0.9019570079565619,
        "is_blocked": false
      }
    },
    {
      "type": "Feature",
      "geometry": {
        "type": "LineString",
        "coordinates": [
          [
            15.0,
            15.0
          ],
          [
            15.0,
            10.8
          ]
        ]
      },
      "properties": {
        "entity_type": "road",
        "road_id": "ROAD_HUB_CBD_INT_INNER_S",
        "source": "HUB_CBD",
        "target": "INT_INNER_S",
        "name": "South Tech Corridor (HUB_CBD -> INT_INNER_S)",
        "road_class": "highway",
        "distance": 4.2,
        "lane_count": 3,
        "capacity": 1575.0,
        "speed_limit": 90.0,
        "current_speed": 87.84,
        "vehicle_count": 741.7,
        "congestion_ratio": 0.4709,
        "congestion_level": "normal",
        "incident_status": "none",
        "dynamic_cost": 2.868852374013701,
        "is_blocked": false
      }
    },
    {
      "type": "Feature",
      "geometry": {
        "type": "LineString",
        "coordinates": [
          [
            15.0,
            10.8
          ],
          [
            15.0,
            15.0
          ]
        ]
      },
      "properties": {
        "entity_type": "road",
        "road_id": "ROAD_INT_INNER_S_HUB_CBD",
        "source": "INT_INNER_S",
        "target": "HUB_CBD",
        "name": "South Tech Corridor (INT_INNER_S -> HUB_CBD)",
        "road_class": "highway",
        "distance": 4.2,
        "lane_count": 3,
        "capacity": 1575.0,
        "speed_limit": 90.0,
        "current_speed": 88.48,
        "vehicle_count": 678.2,
        "congestion_ratio": 0.4306,
        "congestion_level": "normal",
        "incident_status": "none",
        "dynamic_cost": 2.848132336576444,
        "is_blocked": false
      }
    },
    {
      "type": "Feature",
      "geometry": {
        "type": "LineString",
        "coordinates": [
          [
            15.0,
            10.8
          ],
          [
            15.0,
            4.5
          ]
        ]
      },
      "properties": {
        "entity_type": "road",
        "road_id": "ROAD_INT_INNER_S_IC_RING_S",
        "source": "INT_INNER_S",
        "target": "IC_RING_S",
        "name": "South Tech Corridor (INT_INNER_S -> IC_RING_S)",
        "road_class": "highway",
        "distance": 6.3,
        "lane_count": 4,
        "capacity": 3150.0,
        "speed_limit": 100.0,
        "current_speed": 99.31,
        "vehicle_count": 1083.2,
        "congestion_ratio": 0.3439,
        "congestion_level": "free_flow",
        "incident_status": "none",
        "dynamic_cost": 3.8064273851660584,
        "is_blocked": false
      }
    },
    {
      "type": "Feature",
      "geometry": {
        "type": "LineString",
        "coordinates": [
          [
            15.0,
            4.5
          ],
          [
            15.0,
            10.8
          ]
        ]
      },
      "properties": {
        "entity_type": "road",
        "road_id": "ROAD_IC_RING_S_INT_INNER_S",
        "source": "IC_RING_S",
        "target": "INT_INNER_S",
        "name": "South Tech Corridor (IC_RING_S -> INT_INNER_S)",
        "road_class": "highway",
        "distance": 6.3,
        "lane_count": 4,
        "capacity": 3150.0,
        "speed_limit": 100.0,
        "current_speed": 99.38,
        "vehicle_count": 1053.3,
        "congestion_ratio": 0.3344,
        "congestion_level": "free_flow",
        "incident_status": "none",
        "dynamic_cost": 3.8036280524235013,
        "is_blocked": false
      }
    },
    {
      "type": "Feature",
      "geometry": {
        "type": "LineString",
        "coordinates": [
          [
            15.0,
            4.5
          ],
          [
            15.0,
            3.0
          ]
        ]
      },
      "properties": {
        "entity_type": "road",
        "road_id": "ROAD_IC_RING_S_HUB_SOUTH_TECH",
        "source": "IC_RING_S",
        "target": "HUB_SOUTH_TECH",
        "name": "Innovation Highway Spur (IC_RING_S -> HUB_SOUTH_TECH)",
        "road_class": "highway",
        "distance": 1.5,
        "lane_count": 3,
        "capacity": 562.5,
        "speed_limit": 90.0,
        "current_speed": 89.58,
        "vehicle_count": 174.8,
        "congestion_ratio": 0.3108,
        "congestion_level": "free_flow",
        "incident_status": "none",
        "dynamic_cost": 1.0046627873588403,
        "is_blocked": false
      }
    },
    {
      "type": "Feature",
      "geometry": {
        "type": "LineString",
        "coordinates": [
          [
            15.0,
            3.0
          ],
          [
            15.0,
            4.5
          ]
        ]
      },
      "properties": {
        "entity_type": "road",
        "road_id": "ROAD_HUB_SOUTH_TECH_IC_RING_S",
        "source": "HUB_SOUTH_TECH",
        "target": "IC_RING_S",
        "name": "Innovation Highway Spur (HUB_SOUTH_TECH -> IC_RING_S)",
        "road_class": "highway",
        "distance": 1.5,
        "lane_count": 3,
        "capacity": 562.5,
        "speed_limit": 90.0,
        "current_speed": 89.21,
        "vehicle_count": 204.9,
        "congestion_ratio": 0.3643,
        "congestion_level": "normal",
        "incident_status": "none",
        "dynamic_cost": 1.0088033451777543,
        "is_blocked": false
      }
    },
    {
      "type": "Feature",
      "geometry": {
        "type": "LineString",
        "coordinates": [
          [
            15.0,
            15.0
          ],
          [
            10.8,
            15.0
          ]
        ]
      },
      "properties": {
        "entity_type": "road",
        "road_id": "ROAD_HUB_CBD_INT_INNER_W",
        "source": "HUB_CBD",
        "target": "INT_INNER_W",
        "name": "Harbor Gateway Expressway (HUB_CBD -> INT_INNER_W)",
        "road_class": "highway",
        "distance": 4.2,
        "lane_count": 3,
        "capacity": 1575.0,
        "speed_limit": 90.0,
        "current_speed": 88.94,
        "vehicle_count": 619.5,
        "congestion_ratio": 0.3933,
        "congestion_level": "normal",
        "incident_status": "none",
        "dynamic_cost": 2.8335097390617285,
        "is_blocked": false
      }
    },
    {
      "type": "Feature",
      "geometry": {
        "type": "LineString",
        "coordinates": [
          [
            10.8,
            15.0
          ],
          [
            15.0,
            15.0
          ]
        ]
      },
      "properties": {
        "entity_type": "road",
        "road_id": "ROAD_INT_INNER_W_HUB_CBD",
        "source": "INT_INNER_W",
        "target": "HUB_CBD",
        "name": "Harbor Gateway Expressway (INT_INNER_W -> HUB_CBD)",
        "road_class": "highway",
        "distance": 4.2,
        "lane_count": 3,
        "capacity": 1575.0,
        "speed_limit": 90.0,
        "current_speed": 88.6,
        "vehicle_count": 664.7,
        "congestion_ratio": 0.422,
        "congestion_level": "normal",
        "incident_status": "none",
        "dynamic_cost": 2.8444128372434876,
        "is_blocked": false
      }
    },
    {
      "type": "Feature",
      "geometry": {
        "type": "LineString",
        "coordinates": [
          [
            10.8,
            15.0
          ],
          [
            4.5,
            15.0
          ]
        ]
      },
      "properties": {
        "entity_type": "road",
        "road_id": "ROAD_INT_INNER_W_IC_RING_W",
        "source": "INT_INNER_W",
        "target": "IC_RING_W",
        "name": "Harbor Gateway Expressway (INT_INNER_W -> IC_RING_W)",
        "road_class": "highway",
        "distance": 6.3,
        "lane_count": 4,
        "capacity": 3150.0,
        "speed_limit": 100.0,
        "current_speed": 99.28,
        "vehicle_count": 1091.8,
        "congestion_ratio": 0.3466,
        "congestion_level": "free_flow",
        "incident_status": "none",
        "dynamic_cost": 3.8072767076442817,
        "is_blocked": false
      }
    },
    {
      "type": "Feature",
      "geometry": {
        "type": "LineString",
        "coordinates": [
          [
            4.5,
            15.0
          ],
          [
            10.8,
            15.0
          ]
        ]
      },
      "properties": {
        "entity_type": "road",
        "road_id": "ROAD_IC_RING_W_INT_INNER_W",
        "source": "IC_RING_W",
        "target": "INT_INNER_W",
        "name": "Harbor Gateway Expressway (IC_RING_W -> INT_INNER_W)",
        "road_class": "highway",
        "distance": 6.3,
        "lane_count": 4,
        "capacity": 3150.0,
        "speed_limit": 100.0,
        "current_speed": 99.47,
        "vehicle_count": 1010.4,
        "congestion_ratio": 0.3208,
        "congestion_level": "free_flow",
        "incident_status": "none",
        "dynamic_cost": 3.8000075052351843,
        "is_blocked": false
      }
    },
    {
      "type": "Feature",
      "geometry": {
        "type": "LineString",
        "coordinates": [
          [
            4.5,
            15.0
          ],
          [
            3.0,
            15.0
          ]
        ]
      },
      "properties": {
        "entity_type": "road",
        "road_id": "ROAD_IC_RING_W_HUB_WEST_HARBOR",
        "source": "IC_RING_W",
        "target": "HUB_WEST_HARBOR",
        "name": "Maritime Port Expressway (IC_RING_W -> HUB_WEST_HARBOR)",
        "road_class": "highway",
        "distance": 1.5,
        "lane_count": 3,
        "capacity": 562.5,
        "speed_limit": 90.0,
        "current_speed": 89.33,
        "vehicle_count": 197.2,
        "congestion_ratio": 0.3506,
        "congestion_level": "normal",
        "incident_status": "none",
        "dynamic_cost": 1.0075527922609961,
        "is_blocked": false
      }
    },
    {
      "type": "Feature",
      "geometry": {
        "type": "LineString",
        "coordinates": [
          [
            3.0,
            15.0
          ],
          [
            4.5,
            15.0
          ]
        ]
      },
      "properties": {
        "entity_type": "road",
        "road_id": "ROAD_HUB_WEST_HARBOR_IC_RING_W",
        "source": "HUB_WEST_HARBOR",
        "target": "IC_RING_W",
        "name": "Maritime Port Expressway (HUB_WEST_HARBOR -> IC_RING_W)",
        "road_class": "highway",
        "distance": 1.5,
        "lane_count": 3,
        "capacity": 562.5,
        "speed_limit": 90.0,
        "current_speed": 89.56,
        "vehicle_count": 177.6,
        "congestion_ratio": 0.3157,
        "congestion_level": "free_flow",
        "incident_status": "none",
        "dynamic_cost": 1.004968802594098,
        "is_blocked": false
      }
    },
    {
      "type": "Feature",
      "geometry": {
        "type": "LineString",
        "coordinates": [
          [
            15.0,
            15.0
          ],
          [
            7.0,
            23.0
          ]
        ]
      },
      "properties": {
        "entity_type": "road",
        "road_id": "ROAD_HUB_CBD_HUB_NW_SUBURB",
        "source": "HUB_CBD",
        "target": "HUB_NW_SUBURB",
        "name": "NW Diagonal Parkway (HUB_CBD -> HUB_NW_SUBURB)",
        "road_class": "arterial",
        "distance": 11.879,
        "lane_count": 3,
        "capacity": 4454.6,
        "speed_limit": 65.0,
        "current_speed": 63.69,
        "vehicle_count": 2004.4,
        "congestion_ratio": 0.45,
        "congestion_level": "normal",
        "incident_status": "none",
        "dynamic_cost": 11.189976011003836,
        "is_blocked": false
      }
    },
    {
      "type": "Feature",
      "geometry": {
        "type": "LineString",
        "coordinates": [
          [
            7.0,
            23.0
          ],
          [
            15.0,
            15.0
          ]
        ]
      },
      "properties": {
        "entity_type": "road",
        "road_id": "ROAD_HUB_NW_SUBURB_HUB_CBD",
        "source": "HUB_NW_SUBURB",
        "target": "HUB_CBD",
        "name": "NW Diagonal Parkway (HUB_NW_SUBURB -> HUB_CBD)",
        "road_class": "arterial",
        "distance": 11.879,
        "lane_count": 3,
        "capacity": 4454.6,
        "speed_limit": 65.0,
        "current_speed": 64.76,
        "vehicle_count": 1311.1,
        "congestion_ratio": 0.2943,
        "congestion_level": "free_flow",
        "incident_status": "none",
        "dynamic_cost": 11.006373792283657,
        "is_blocked": false
      }
    },
    {
      "type": "Feature",
      "geometry": {
        "type": "LineString",
        "coordinates": [
          [
            7.0,
            23.0
          ],
          [
            7.575,
            22.425
          ]
        ]
      },
      "properties": {
        "entity_type": "road",
        "road_id": "ROAD_HUB_NW_SUBURB_IC_RING_NW",
        "source": "HUB_NW_SUBURB",
        "target": "IC_RING_NW",
        "name": "NW Diagonal Parkway Outer Feed (HUB_NW_SUBURB -> IC_RING_NW)",
        "road_class": "arterial",
        "distance": 0.854,
        "lane_count": 2,
        "capacity": 213.5,
        "speed_limit": 65.0,
        "current_speed": 64.87,
        "vehicle_count": 53.3,
        "congestion_ratio": 0.2496,
        "congestion_level": "free_flow",
        "incident_status": "none",
        "dynamic_cost": 0.789838720145953,
        "is_blocked": false
      }
    },
    {
      "type": "Feature",
      "geometry": {
        "type": "LineString",
        "coordinates": [
          [
            7.575,
            22.425
          ],
          [
            7.0,
            23.0
          ]
        ]
      },
      "properties": {
        "entity_type": "road",
        "road_id": "ROAD_IC_RING_NW_HUB_NW_SUBURB",
        "source": "IC_RING_NW",
        "target": "HUB_NW_SUBURB",
        "name": "NW Diagonal Parkway Outer Feed (IC_RING_NW -> HUB_NW_SUBURB)",
        "road_class": "arterial",
        "distance": 0.854,
        "lane_count": 2,
        "capacity": 213.5,
        "speed_limit": 65.0,
        "current_speed": 64.85,
        "vehicle_count": 55.6,
        "congestion_ratio": 0.2604,
        "congestion_level": "free_flow",
        "incident_status": "none",
        "dynamic_cost": 0.7901205905072171,
        "is_blocked": false
      }
    },
    {
      "type": "Feature",
      "geometry": {
        "type": "LineString",
        "coordinates": [
          [
            15.0,
            15.0
          ],
          [
            23.0,
            23.0
          ]
        ]
      },
      "properties": {
        "entity_type": "road",
        "road_id": "ROAD_HUB_CBD_HUB_NE_SUBURB",
        "source": "HUB_CBD",
        "target": "HUB_NE_SUBURB",
        "name": "NE Diagonal Parkway (HUB_CBD -> HUB_NE_SUBURB)",
        "road_class": "arterial",
        "distance": 11.879,
        "lane_count": 3,
        "capacity": 4454.6,
        "speed_limit": 65.0,
        "current_speed": 64.73,
        "vehicle_count": 1346.9,
        "congestion_ratio": 0.3024,
        "congestion_level": "free_flow",
        "incident_status": "none",
        "dynamic_cost": 11.011054911132677,
        "is_blocked": false
      }
    },
    {
      "type": "Feature",
      "geometry": {
        "type": "LineString",
        "coordinates": [
          [
            23.0,
            23.0
          ],
          [
            15.0,
            15.0
          ]
        ]
      },
      "properties": {
        "entity_type": "road",
        "road_id": "ROAD_HUB_NE_SUBURB_HUB_CBD",
        "source": "HUB_NE_SUBURB",
        "target": "HUB_CBD",
        "name": "NE Diagonal Parkway (HUB_NE_SUBURB -> HUB_CBD)",
        "road_class": "arterial",
        "distance": 11.879,
        "lane_count": 3,
        "capacity": 4454.6,
        "speed_limit": 65.0,
        "current_speed": 64.58,
        "vehicle_count": 1507.9,
        "congestion_ratio": 0.3385,
        "congestion_level": "free_flow",
        "incident_status": "none",
        "dynamic_cost": 11.037215949128363,
        "is_blocked": false
      }
    },
    {
      "type": "Feature",
      "geometry": {
        "type": "LineString",
        "coordinates": [
          [
            23.0,
            23.0
          ],
          [
            22.425,
            22.425
          ]
        ]
      },
      "properties": {
        "entity_type": "road",
        "road_id": "ROAD_HUB_NE_SUBURB_IC_RING_NE",
        "source": "HUB_NE_SUBURB",
        "target": "IC_RING_NE",
        "name": "NE Diagonal Parkway Outer Feed (HUB_NE_SUBURB -> IC_RING_NE)",
        "road_class": "arterial",
        "distance": 0.854,
        "lane_count": 2,
        "capacity": 213.5,
        "speed_limit": 65.0,
        "current_speed": 64.91,
        "vehicle_count": 48.6,
        "congestion_ratio": 0.2276,
        "congestion_level": "free_flow",
        "incident_status": "none",
        "dynamic_cost": 0.789366017973248,
        "is_blocked": false
      }
    },
    {
      "type": "Feature",
      "geometry": {
        "type": "LineString",
        "coordinates": [
          [
            22.425,
            22.425
          ],
          [
            23.0,
            23.0
          ]
        ]
      },
      "properties": {
        "entity_type": "road",
        "road_id": "ROAD_IC_RING_NE_HUB_NE_SUBURB",
        "source": "IC_RING_NE",
        "target": "HUB_NE_SUBURB",
        "name": "NE Diagonal Parkway Outer Feed (IC_RING_NE -> HUB_NE_SUBURB)",
        "road_class": "arterial",
        "distance": 0.854,
        "lane_count": 2,
        "capacity": 213.5,
        "speed_limit": 65.0,
        "current_speed": 64.86,
        "vehicle_count": 55.2,
        "congestion_ratio": 0.2585,
        "congestion_level": "free_flow",
        "incident_status": "none",
        "dynamic_cost": 0.7900689810622794,
        "is_blocked": false
      }
    },
    {
      "type": "Feature",
      "geometry": {
        "type": "LineString",
        "coordinates": [
          [
            15.0,
            15.0
          ],
          [
            7.0,
            7.0
          ]
        ]
      },
      "properties": {
        "entity_type": "road",
        "road_id": "ROAD_HUB_CBD_HUB_SW_SUBURB",
        "source": "HUB_CBD",
        "target": "HUB_SW_SUBURB",
        "name": "SW Diagonal Parkway (HUB_CBD -> HUB_SW_SUBURB)",
        "road_class": "arterial",
        "distance": 11.879,
        "lane_count": 3,
        "capacity": 4454.6,
        "speed_limit": 65.0,
        "current_speed": 63.87,
        "vehicle_count": 1931.9,
        "congestion_ratio": 0.4337,
        "congestion_level": "normal",
        "incident_status": "none",
        "dynamic_cost": 11.159181535353126,
        "is_blocked": false
      }
    },
    {
      "type": "Feature",
      "geometry": {
        "type": "LineString",
        "coordinates": [
          [
            7.0,
            7.0
          ],
          [
            15.0,
            15.0
          ]
        ]
      },
      "properties": {
        "entity_type": "road",
        "road_id": "ROAD_HUB_SW_SUBURB_HUB_CBD",
        "source": "HUB_SW_SUBURB",
        "target": "HUB_CBD",
        "name": "SW Diagonal Parkway (HUB_SW_SUBURB -> HUB_CBD)",
        "road_class": "arterial",
        "distance": 11.879,
        "lane_count": 3,
        "capacity": 4454.6,
        "speed_limit": 65.0,
        "current_speed": 64.4,
        "vehicle_count": 1646.8,
        "congestion_ratio": 0.3697,
        "congestion_level": "normal",
        "incident_status": "none",
        "dynamic_cost": 11.067634637624002,
        "is_blocked": false
      }
    },
    {
      "type": "Feature",
      "geometry": {
        "type": "LineString",
        "coordinates": [
          [
            7.0,
            7.0
          ],
          [
            7.575,
            7.575
          ]
        ]
      },
      "properties": {
        "entity_type": "road",
        "road_id": "ROAD_HUB_SW_SUBURB_IC_RING_SW",
        "source": "HUB_SW_SUBURB",
        "target": "IC_RING_SW",
        "name": "SW Diagonal Parkway Outer Feed (HUB_SW_SUBURB -> IC_RING_SW)",
        "road_class": "arterial",
        "distance": 0.854,
        "lane_count": 2,
        "capacity": 213.5,
        "speed_limit": 65.0,
        "current_speed": 64.81,
        "vehicle_count": 58.7,
        "congestion_ratio": 0.2749,
        "congestion_level": "free_flow",
        "incident_status": "none",
        "dynamic_cost": 0.7905599944831705,
        "is_blocked": false
      }
    },
    {
      "type": "Feature",
      "geometry": {
        "type": "LineString",
        "coordinates": [
          [
            7.575,
            7.575
          ],
          [
            7.0,
            7.0
          ]
        ]
      },
      "properties": {
        "entity_type": "road",
        "road_id": "ROAD_IC_RING_SW_HUB_SW_SUBURB",
        "source": "IC_RING_SW",
        "target": "HUB_SW_SUBURB",
        "name": "SW Diagonal Parkway Outer Feed (IC_RING_SW -> HUB_SW_SUBURB)",
        "road_class": "arterial",
        "distance": 0.854,
        "lane_count": 2,
        "capacity": 213.5,
        "speed_limit": 65.0,
        "current_speed": 64.88,
        "vehicle_count": 52.7,
        "congestion_ratio": 0.2468,
        "congestion_level": "free_flow",
        "incident_status": "none",
        "dynamic_cost": 0.7897709361735862,
        "is_blocked": false
      }
    },
    {
      "type": "Feature",
      "geometry": {
        "type": "LineString",
        "coordinates": [
          [
            15.0,
            15.0
          ],
          [
            23.0,
            7.0
          ]
        ]
      },
      "properties": {
        "entity_type": "road",
        "road_id": "ROAD_HUB_CBD_HUB_SE_SUBURB",
        "source": "HUB_CBD",
        "target": "HUB_SE_SUBURB",
        "name": "SE Diagonal Parkway (HUB_CBD -> HUB_SE_SUBURB)",
        "road_class": "arterial",
        "distance": 11.879,
        "lane_count": 3,
        "capacity": 4454.6,
        "speed_limit": 65.0,
        "current_speed": 64.53,
        "vehicle_count": 1543.8,
        "congestion_ratio": 0.3466,
        "congestion_level": "free_flow",
        "incident_status": "none",
        "dynamic_cost": 11.044319949792873,
        "is_blocked": false
      }
    },
    {
      "type": "Feature",
      "geometry": {
        "type": "LineString",
        "coordinates": [
          [
            23.0,
            7.0
          ],
          [
            15.0,
            15.0
          ]
        ]
      },
      "properties": {
        "entity_type": "road",
        "road_id": "ROAD_HUB_SE_SUBURB_HUB_CBD",
        "source": "HUB_SE_SUBURB",
        "target": "HUB_CBD",
        "name": "SE Diagonal Parkway (HUB_SE_SUBURB -> HUB_CBD)",
        "road_class": "arterial",
        "distance": 11.879,
        "lane_count": 3,
        "capacity": 4454.6,
        "speed_limit": 65.0,
        "current_speed": 62.96,
        "vehicle_count": 2248.6,
        "congestion_ratio": 0.5048,
        "congestion_level": "normal",
        "incident_status": "none",
        "dynamic_cost": 11.321191225522124,
        "is_blocked": false
      }
    },
    {
      "type": "Feature",
      "geometry": {
        "type": "LineString",
        "coordinates": [
          [
            23.0,
            7.0
          ],
          [
            22.425,
            7.575
          ]
        ]
      },
      "properties": {
        "entity_type": "road",
        "road_id": "ROAD_HUB_SE_SUBURB_IC_RING_SE",
        "source": "HUB_SE_SUBURB",
        "target": "IC_RING_SE",
        "name": "SE Diagonal Parkway Outer Feed (HUB_SE_SUBURB -> IC_RING_SE)",
        "road_class": "arterial",
        "distance": 0.854,
        "lane_count": 2,
        "capacity": 213.5,
        "speed_limit": 65.0,
        "current_speed": 64.65,
        "vehicle_count": 69.0,
        "congestion_ratio": 0.3232,
        "congestion_level": "free_flow",
        "incident_status": "none",
        "dynamic_cost": 0.7926077136811959,
        "is_blocked": false
      }
    },
    {
      "type": "Feature",
      "geometry": {
        "type": "LineString",
        "coordinates": [
          [
            22.425,
            7.575
          ],
          [
            23.0,
            7.0
          ]
        ]
      },
      "properties": {
        "entity_type": "road",
        "road_id": "ROAD_IC_RING_SE_HUB_SE_SUBURB",
        "source": "IC_RING_SE",
        "target": "HUB_SE_SUBURB",
        "name": "SE Diagonal Parkway Outer Feed (IC_RING_SE -> HUB_SE_SUBURB)",
        "road_class": "arterial",
        "distance": 0.854,
        "lane_count": 2,
        "capacity": 213.5,
        "speed_limit": 65.0,
        "current_speed": 64.68,
        "vehicle_count": 67.6,
        "congestion_ratio": 0.3166,
        "congestion_level": "free_flow",
        "incident_status": "none",
        "dynamic_cost": 0.792269204848446,
        "is_blocked": false
      }
    },
    {
      "type": "Feature",
      "geometry": {
        "type": "LineString",
        "coordinates": [
          [
            14.1,
            16.2
          ],
          [
            15.0,
            15.0
          ]
        ]
      },
      "properties": {
        "entity_type": "road",
        "road_id": "ROAD_HUB_CENTRAL_HOSPITAL_HUB_CBD",
        "source": "HUB_CENTRAL_HOSPITAL",
        "target": "HUB_CBD",
        "name": "CBD Trauma Response Corridor (HUB_CENTRAL_HOSPITAL -> HUB_CBD)",
        "road_class": "emergency_corridor",
        "distance": 1.5,
        "lane_count": 2,
        "capacity": 375.0,
        "speed_limit": 70.0,
        "current_speed": 69.99,
        "vehicle_count": 43.0,
        "congestion_ratio": 0.1147,
        "congestion_level": "free_flow",
        "incident_status": "none",
        "dynamic_cost": 1.285825423880127,
        "is_blocked": false
      }
    },
    {
      "type": "Feature",
      "geometry": {
        "type": "LineString",
        "coordinates": [
          [
            15.0,
            15.0
          ],
          [
            14.1,
            16.2
          ]
        ]
      },
      "properties": {
        "entity_type": "road",
        "road_id": "ROAD_HUB_CBD_HUB_CENTRAL_HOSPITAL",
        "source": "HUB_CBD",
        "target": "HUB_CENTRAL_HOSPITAL",
        "name": "CBD Trauma Response Corridor (HUB_CBD -> HUB_CENTRAL_HOSPITAL)",
        "road_class": "emergency_corridor",
        "distance": 1.5,
        "lane_count": 2,
        "capacity": 375.0,
        "speed_limit": 70.0,
        "current_speed": 69.96,
        "vehicle_count": 67.7,
        "congestion_ratio": 0.1805,
        "congestion_level": "free_flow",
        "incident_status": "none",
        "dynamic_cost": 1.2863971652176978,
        "is_blocked": false
      }
    },
    {
      "type": "Feature",
      "geometry": {
        "type": "LineString",
        "coordinates": [
          [
            14.1,
            16.2
          ],
          [
            15.0,
            19.2
          ]
        ]
      },
      "properties": {
        "entity_type": "road",
        "road_id": "ROAD_HUB_CENTRAL_HOSPITAL_INT_INNER_N",
        "source": "HUB_CENTRAL_HOSPITAL",
        "target": "INT_INNER_N",
        "name": "Emergency Priority Access Corridor (HUB_CENTRAL_HOSPITAL -> INT_INNER_N)",
        "road_class": "emergency_corridor",
        "distance": 3.132,
        "lane_count": 2,
        "capacity": 783.0,
        "speed_limit": 70.0,
        "current_speed": 70.0,
        "vehicle_count": 66.0,
        "congestion_ratio": 0.0843,
        "congestion_level": "free_flow",
        "incident_status": "none",
        "dynamic_cost": 2.6846391886127288,
        "is_blocked": false
      }
    },
    {
      "type": "Feature",
      "geometry": {
        "type": "LineString",
        "coordinates": [
          [
            15.0,
            19.2
          ],
          [
            14.1,
            16.2
          ]
        ]
      },
      "properties": {
        "entity_type": "road",
        "road_id": "ROAD_INT_INNER_N_HUB_CENTRAL_HOSPITAL",
        "source": "INT_INNER_N",
        "target": "HUB_CENTRAL_HOSPITAL",
        "name": "Emergency Priority Access Corridor (INT_INNER_N -> HUB_CENTRAL_HOSPITAL)",
        "road_class": "emergency_corridor",
        "distance": 3.132,
        "lane_count": 2,
        "capacity": 783.0,
        "speed_limit": 70.0,
        "current_speed": 70.0,
        "vehicle_count": 80.8,
        "congestion_ratio": 0.1032,
        "congestion_level": "free_flow",
        "incident_status": "none",
        "dynamic_cost": 2.684723638633463,
        "is_blocked": false
      }
    },
    {
      "type": "Feature",
      "geometry": {
        "type": "LineString",
        "coordinates": [
          [
            14.1,
            16.2
          ],
          [
            10.8,
            15.0
          ]
        ]
      },
      "properties": {
        "entity_type": "road",
        "road_id": "ROAD_HUB_CENTRAL_HOSPITAL_INT_INNER_W",
        "source": "HUB_CENTRAL_HOSPITAL",
        "target": "INT_INNER_W",
        "name": "Emergency Priority Access Corridor (HUB_CENTRAL_HOSPITAL -> INT_INNER_W)",
        "road_class": "emergency_corridor",
        "distance": 3.511,
        "lane_count": 2,
        "capacity": 877.8,
        "speed_limit": 70.0,
        "current_speed": 69.98,
        "vehicle_count": 137.4,
        "congestion_ratio": 0.1565,
        "congestion_level": "free_flow",
        "incident_status": "none",
        "dynamic_cost": 3.0103318436802935,
        "is_blocked": false
      }
    },
    {
      "type": "Feature",
      "geometry": {
        "type": "LineString",
        "coordinates": [
          [
            10.8,
            15.0
          ],
          [
            14.1,
            16.2
          ]
        ]
      },
      "properties": {
        "entity_type": "road",
        "road_id": "ROAD_INT_INNER_W_HUB_CENTRAL_HOSPITAL",
        "source": "INT_INNER_W",
        "target": "HUB_CENTRAL_HOSPITAL",
        "name": "Emergency Priority Access Corridor (INT_INNER_W -> HUB_CENTRAL_HOSPITAL)",
        "road_class": "emergency_corridor",
        "distance": 3.511,
        "lane_count": 2,
        "capacity": 877.8,
        "speed_limit": 70.0,
        "current_speed": 69.99,
        "vehicle_count": 110.6,
        "congestion_ratio": 0.126,
        "congestion_level": "free_flow",
        "incident_status": "none",
        "dynamic_cost": 3.0098077923123423,
        "is_blocked": false
      }
    },
    {
      "type": "Feature",
      "geometry": {
        "type": "LineString",
        "coordinates": [
          [
            14.1,
            16.2
          ],
          [
            7.575,
            22.425
          ]
        ]
      },
      "properties": {
        "entity_type": "road",
        "road_id": "ROAD_HUB_CENTRAL_HOSPITAL_IC_RING_NW",
        "source": "HUB_CENTRAL_HOSPITAL",
        "target": "IC_RING_NW",
        "name": "North-West Rapid Emergency Evacuation Route (HUB_CENTRAL_HOSPITAL -> IC_RING_NW)",
        "road_class": "emergency_corridor",
        "distance": 9.018,
        "lane_count": 2,
        "capacity": 2254.5,
        "speed_limit": 75.0,
        "current_speed": 74.99,
        "vehicle_count": 267.7,
        "congestion_ratio": 0.1187,
        "congestion_level": "free_flow",
        "incident_status": "none",
        "dynamic_cost": 7.215117071973313,
        "is_blocked": false
      }
    },
    {
      "type": "Feature",
      "geometry": {
        "type": "LineString",
        "coordinates": [
          [
            7.575,
            22.425
          ],
          [
            14.1,
            16.2
          ]
        ]
      },
      "properties": {
        "entity_type": "road",
        "road_id": "ROAD_IC_RING_NW_HUB_CENTRAL_HOSPITAL",
        "source": "IC_RING_NW",
        "target": "HUB_CENTRAL_HOSPITAL",
        "name": "North-West Rapid Emergency Evacuation Route (IC_RING_NW -> HUB_CENTRAL_HOSPITAL)",
        "road_class": "emergency_corridor",
        "distance": 9.018,
        "lane_count": 2,
        "capacity": 2254.5,
        "speed_limit": 75.0,
        "current_speed": 74.99,
        "vehicle_count": 292.9,
        "congestion_ratio": 0.1299,
        "congestion_level": "free_flow",
        "incident_status": "none",
        "dynamic_cost": 7.2154276536058894,
        "is_blocked": false
      }
    },
    {
      "type": "Feature",
      "geometry": {
        "type": "LineString",
        "coordinates": [
          [
            14.1,
            16.2
          ],
          [
            3.0,
            15.0
          ]
        ]
      },
      "properties": {
        "entity_type": "road",
        "road_id": "ROAD_HUB_CENTRAL_HOSPITAL_HUB_WEST_HARBOR",
        "source": "HUB_CENTRAL_HOSPITAL",
        "target": "HUB_WEST_HARBOR",
        "name": "Maritime Emergency Response Corridor (HUB_CENTRAL_HOSPITAL -> HUB_WEST_HARBOR)",
        "road_class": "emergency_corridor",
        "distance": 11.165,
        "lane_count": 2,
        "capacity": 2791.2,
        "speed_limit": 75.0,
        "current_speed": 74.98,
        "vehicle_count": 401.2,
        "congestion_ratio": 0.1437,
        "congestion_level": "free_flow",
        "incident_status": "none",
        "dynamic_cost": 8.933906332229558,
        "is_blocked": false
      }
    },
    {
      "type": "Feature",
      "geometry": {
        "type": "LineString",
        "coordinates": [
          [
            3.0,
            15.0
          ],
          [
            14.1,
            16.2
          ]
        ]
      },
      "properties": {
        "entity_type": "road",
        "road_id": "ROAD_HUB_WEST_HARBOR_HUB_CENTRAL_HOSPITAL",
        "source": "HUB_WEST_HARBOR",
        "target": "HUB_CENTRAL_HOSPITAL",
        "name": "Maritime Emergency Response Corridor (HUB_WEST_HARBOR -> HUB_CENTRAL_HOSPITAL)",
        "road_class": "emergency_corridor",
        "distance": 11.165,
        "lane_count": 2,
        "capacity": 2791.2,
        "speed_limit": 75.0,
        "current_speed": 74.99,
        "vehicle_count": 384.9,
        "congestion_ratio": 0.1379,
        "congestion_level": "free_flow",
        "incident_status": "none",
        "dynamic_cost": 8.933614903357082,
        "is_blocked": false
      }
    },
    {
      "type": "Feature",
      "geometry": {
        "type": "LineString",
        "coordinates": [
          [
            15.0,
            19.2
          ],
          [
            19.2,
            15.0
          ]
        ]
      },
      "properties": {
        "entity_type": "road",
        "road_id": "ROAD_INT_INNER_N_INT_INNER_E",
        "source": "INT_INNER_N",
        "target": "INT_INNER_E",
        "name": "Grand Inner Boulevard (INT_INNER_N -> INT_INNER_E)",
        "road_class": "arterial",
        "distance": 6.415,
        "lane_count": 3,
        "capacity": 2405.6,
        "speed_limit": 60.0,
        "current_speed": 59.88,
        "vehicle_count": 601.6,
        "congestion_ratio": 0.2501,
        "congestion_level": "free_flow",
        "incident_status": "none",
        "dynamic_cost": 6.427545972030738,
        "is_blocked": false
      }
    },
    {
      "type": "Feature",
      "geometry": {
        "type": "LineString",
        "coordinates": [
          [
            19.2,
            15.0
          ],
          [
            15.0,
            19.2
          ]
        ]
      },
      "properties": {
        "entity_type": "road",
        "road_id": "ROAD_INT_INNER_E_INT_INNER_N",
        "source": "INT_INNER_E",
        "target": "INT_INNER_N",
        "name": "Grand Inner Boulevard (INT_INNER_E -> INT_INNER_N)",
        "road_class": "arterial",
        "distance": 6.415,
        "lane_count": 3,
        "capacity": 2405.6,
        "speed_limit": 60.0,
        "current_speed": 59.94,
        "vehicle_count": 518.7,
        "congestion_ratio": 0.2156,
        "congestion_level": "free_flow",
        "incident_status": "none",
        "dynamic_cost": 6.421933268140774,
        "is_blocked": false
      }
    },
    {
      "type": "Feature",
      "geometry": {
        "type": "LineString",
        "coordinates": [
          [
            19.2,
            15.0
          ],
          [
            15.0,
            10.8
          ]
        ]
      },
      "properties": {
        "entity_type": "road",
        "road_id": "ROAD_INT_INNER_E_INT_INNER_S",
        "source": "INT_INNER_E",
        "target": "INT_INNER_S",
        "name": "Grand Inner Boulevard (INT_INNER_E -> INT_INNER_S)",
        "road_class": "arterial",
        "distance": 6.415,
        "lane_count": 3,
        "capacity": 2405.6,
        "speed_limit": 60.0,
        "current_speed": 59.85,
        "vehicle_count": 638.0,
        "congestion_ratio": 0.2652,
        "congestion_level": "free_flow",
        "incident_status": "none",
        "dynamic_cost": 6.430869225065132,
        "is_blocked": false
      }
    },
    {
      "type": "Feature",
      "geometry": {
        "type": "LineString",
        "coordinates": [
          [
            15.0,
            10.8
          ],
          [
            19.2,
            15.0
          ]
        ]
      },
      "properties": {
        "entity_type": "road",
        "road_id": "ROAD_INT_INNER_S_INT_INNER_E",
        "source": "INT_INNER_S",
        "target": "INT_INNER_E",
        "name": "Grand Inner Boulevard (INT_INNER_S -> INT_INNER_E)",
        "road_class": "arterial",
        "distance": 6.415,
        "lane_count": 3,
        "capacity": 2405.6,
        "speed_limit": 60.0,
        "current_speed": 59.87,
        "vehicle_count": 617.9,
        "congestion_ratio": 0.2569,
        "congestion_level": "free_flow",
        "incident_status": "none",
        "dynamic_cost": 6.428961940585004,
        "is_blocked": false
      }
    },
    {
      "type": "Feature",
      "geometry": {
        "type": "LineString",
        "coordinates": [
          [
            15.0,
            10.8
          ],
          [
            10.8,
            15.0
          ]
        ]
      },
      "properties": {
        "entity_type": "road",
        "road_id": "ROAD_INT_INNER_S_INT_INNER_W",
        "source": "INT_INNER_S",
        "target": "INT_INNER_W",
        "name": "Grand Inner Boulevard (INT_INNER_S -> INT_INNER_W)",
        "road_class": "arterial",
        "distance": 6.415,
        "lane_count": 3,
        "capacity": 2405.6,
        "speed_limit": 60.0,
        "current_speed": 59.89,
        "vehicle_count": 594.0,
        "congestion_ratio": 0.2469,
        "congestion_level": "free_flow",
        "incident_status": "none",
        "dynamic_cost": 6.426923912614419,
        "is_blocked": false
      }
    },
    {
      "type": "Feature",
      "geometry": {
        "type": "LineString",
        "coordinates": [
          [
            10.8,
            15.0
          ],
          [
            15.0,
            10.8
          ]
        ]
      },
      "properties": {
        "entity_type": "road",
        "road_id": "ROAD_INT_INNER_W_INT_INNER_S",
        "source": "INT_INNER_W",
        "target": "INT_INNER_S",
        "name": "Grand Inner Boulevard (INT_INNER_W -> INT_INNER_S)",
        "road_class": "arterial",
        "distance": 6.415,
        "lane_count": 3,
        "capacity": 2405.6,
        "speed_limit": 60.0,
        "current_speed": 59.41,
        "vehicle_count": 902.1,
        "congestion_ratio": 0.375,
        "congestion_level": "normal",
        "incident_status": "none",
        "dynamic_cost": 6.478429565429687,
        "is_blocked": false
      }
    },
    {
      "type": "Feature",
      "geometry": {
        "type": "LineString",
        "coordinates": [
          [
            10.8,
            15.0
          ],
          [
            15.0,
            19.2
          ]
        ]
      },
      "properties": {
        "entity_type": "road",
        "road_id": "ROAD_INT_INNER_W_INT_INNER_N",
        "source": "INT_INNER_W",
        "target": "INT_INNER_N",
        "name": "Grand Inner Boulevard (INT_INNER_W -> INT_INNER_N)",
        "road_class": "arterial",
        "distance": 6.415,
        "lane_count": 3,
        "capacity": 2405.6,
        "speed_limit": 60.0,
        "current_speed": 59.48,
        "vehicle_count": 874.1,
        "congestion_ratio": 0.3634,
        "congestion_level": "normal",
        "incident_status": "none",
        "dynamic_cost": 6.470913603912593,
        "is_blocked": false
      }
    },
    {
      "type": "Feature",
      "geometry": {
        "type": "LineString",
        "coordinates": [
          [
            15.0,
            19.2
          ],
          [
            10.8,
            15.0
          ]
        ]
      },
      "properties": {
        "entity_type": "road",
        "road_id": "ROAD_INT_INNER_N_INT_INNER_W",
        "source": "INT_INNER_N",
        "target": "INT_INNER_W",
        "name": "Grand Inner Boulevard (INT_INNER_N -> INT_INNER_W)",
        "road_class": "arterial",
        "distance": 6.415,
        "lane_count": 3,
        "capacity": 2405.6,
        "speed_limit": 60.0,
        "current_speed": 59.85,
        "vehicle_count": 637.6,
        "congestion_ratio": 0.265,
        "congestion_level": "free_flow",
        "incident_status": "none",
        "dynamic_cost": 6.43082946504691,
        "is_blocked": false
      }
    },
    {
      "type": "Feature",
      "geometry": {
        "type": "LineString",
        "coordinates": [
          [
            7.0,
            23.0
          ],
          [
            15.0,
            27.0
          ]
        ]
      },
      "properties": {
        "entity_type": "road",
        "road_id": "ROAD_HUB_NW_SUBURB_HUB_NORTH_LOGISTICS",
        "source": "HUB_NW_SUBURB",
        "target": "HUB_NORTH_LOGISTICS",
        "name": "North Freight Connector (HUB_NW_SUBURB -> HUB_NORTH_LOGISTICS)",
        "road_class": "arterial",
        "distance": 9.839,
        "lane_count": 2,
        "capacity": 2459.8,
        "speed_limit": 60.0,
        "current_speed": 59.67,
        "vehicle_count": 798.7,
        "congestion_ratio": 0.3247,
        "congestion_level": "free_flow",
        "incident_status": "none",
        "dynamic_cost": 9.893683526476682,
        "is_blocked": false
      }
    },
    {
      "type": "Feature",
      "geometry": {
        "type": "LineString",
        "coordinates": [
          [
            15.0,
            27.0
          ],
          [
            7.0,
            23.0
          ]
        ]
      },
      "properties": {
        "entity_type": "road",
        "road_id": "ROAD_HUB_NORTH_LOGISTICS_HUB_NW_SUBURB",
        "source": "HUB_NORTH_LOGISTICS",
        "target": "HUB_NW_SUBURB",
        "name": "North Freight Connector (HUB_NORTH_LOGISTICS -> HUB_NW_SUBURB)",
        "road_class": "arterial",
        "distance": 9.839,
        "lane_count": 2,
        "capacity": 2459.8,
        "speed_limit": 60.0,
        "current_speed": 59.82,
        "vehicle_count": 686.9,
        "congestion_ratio": 0.2793,
        "congestion_level": "free_flow",
        "incident_status": "none",
        "dynamic_cost": 9.868915470779347,
        "is_blocked": false
      }
    },
    {
      "type": "Feature",
      "geometry": {
        "type": "LineString",
        "coordinates": [
          [
            23.0,
            23.0
          ],
          [
            15.0,
            27.0
          ]
        ]
      },
      "properties": {
        "entity_type": "road",
        "road_id": "ROAD_HUB_NE_SUBURB_HUB_NORTH_LOGISTICS",
        "source": "HUB_NE_SUBURB",
        "target": "HUB_NORTH_LOGISTICS",
        "name": "East Freight Connector (HUB_NE_SUBURB -> HUB_NORTH_LOGISTICS)",
        "road_class": "arterial",
        "distance": 9.839,
        "lane_count": 2,
        "capacity": 2459.8,
        "speed_limit": 60.0,
        "current_speed": 59.44,
        "vehicle_count": 910.2,
        "congestion_ratio": 0.37,
        "congestion_level": "normal",
        "incident_status": "none",
        "dynamic_cost": 9.931229340018788,
        "is_blocked": false
      }
    },
    {
      "type": "Feature",
      "geometry": {
        "type": "LineString",
        "coordinates": [
          [
            15.0,
            27.0
          ],
          [
            23.0,
            23.0
          ]
        ]
      },
      "properties": {
        "entity_type": "road",
        "road_id": "ROAD_HUB_NORTH_LOGISTICS_HUB_NE_SUBURB",
        "source": "HUB_NORTH_LOGISTICS",
        "target": "HUB_NE_SUBURB",
        "name": "East Freight Connector (HUB_NORTH_LOGISTICS -> HUB_NE_SUBURB)",
        "road_class": "arterial",
        "distance": 9.839,
        "lane_count": 2,
        "capacity": 2459.8,
        "speed_limit": 60.0,
        "current_speed": 59.79,
        "vehicle_count": 714.1,
        "congestion_ratio": 0.2903,
        "congestion_level": "free_flow",
        "incident_status": "none",
        "dynamic_cost": 9.873942816577546,
        "is_blocked": false
      }
    },
    {
      "type": "Feature",
      "geometry": {
        "type": "LineString",
        "coordinates": [
          [
            23.0,
            23.0
          ],
          [
            27.0,
            15.0
          ]
        ]
      },
      "properties": {
        "entity_type": "road",
        "road_id": "ROAD_HUB_NE_SUBURB_HUB_EAST_AIRPORT",
        "source": "HUB_NE_SUBURB",
        "target": "HUB_EAST_AIRPORT",
        "name": "Airport North Connector (HUB_NE_SUBURB -> HUB_EAST_AIRPORT)",
        "road_class": "arterial",
        "distance": 9.839,
        "lane_count": 2,
        "capacity": 2459.8,
        "speed_limit": 60.0,
        "current_speed": 59.87,
        "vehicle_count": 630.6,
        "congestion_ratio": 0.2564,
        "congestion_level": "free_flow",
        "incident_status": "none",
        "dynamic_cost": 9.860248958183641,
        "is_blocked": false
      }
    },
    {
      "type": "Feature",
      "geometry": {
        "type": "LineString",
        "coordinates": [
          [
            27.0,
            15.0
          ],
          [
            23.0,
            23.0
          ]
        ]
      },
      "properties": {
        "entity_type": "road",
        "road_id": "ROAD_HUB_EAST_AIRPORT_HUB_NE_SUBURB",
        "source": "HUB_EAST_AIRPORT",
        "target": "HUB_NE_SUBURB",
        "name": "Airport North Connector (HUB_EAST_AIRPORT -> HUB_NE_SUBURB)",
        "road_class": "arterial",
        "distance": 9.839,
        "lane_count": 2,
        "capacity": 2459.8,
        "speed_limit": 60.0,
        "current_speed": 59.88,
        "vehicle_count": 622.7,
        "congestion_ratio": 0.2532,
        "congestion_level": "free_flow",
        "incident_status": "none",
        "dynamic_cost": 9.859203994382893,
        "is_blocked": false
      }
    },
    {
      "type": "Feature",
      "geometry": {
        "type": "LineString",
        "coordinates": [
          [
            23.0,
            7.0
          ],
          [
            27.0,
            15.0
          ]
        ]
      },
      "properties": {
        "entity_type": "road",
        "road_id": "ROAD_HUB_SE_SUBURB_HUB_EAST_AIRPORT",
        "source": "HUB_SE_SUBURB",
        "target": "HUB_EAST_AIRPORT",
        "name": "Airport South Connector (HUB_SE_SUBURB -> HUB_EAST_AIRPORT)",
        "road_class": "arterial",
        "distance": 9.839,
        "lane_count": 2,
        "capacity": 2459.8,
        "speed_limit": 60.0,
        "current_speed": 59.73,
        "vehicle_count": 758.2,
        "congestion_ratio": 0.3082,
        "congestion_level": "free_flow",
        "incident_status": "none",
        "dynamic_cost": 9.883407558498465,
        "is_blocked": false
      }
    },
    {
      "type": "Feature",
      "geometry": {
        "type": "LineString",
        "coordinates": [
          [
            27.0,
            15.0
          ],
          [
            23.0,
            7.0
          ]
        ]
      },
      "properties": {
        "entity_type": "road",
        "road_id": "ROAD_HUB_EAST_AIRPORT_HUB_SE_SUBURB",
        "source": "HUB_EAST_AIRPORT",
        "target": "HUB_SE_SUBURB",
        "name": "Airport South Connector (HUB_EAST_AIRPORT -> HUB_SE_SUBURB)",
        "road_class": "arterial",
        "distance": 9.839,
        "lane_count": 2,
        "capacity": 2459.8,
        "speed_limit": 60.0,
        "current_speed": 59.87,
        "vehicle_count": 629.7,
        "congestion_ratio": 0.256,
        "congestion_level": "free_flow",
        "incident_status": "none",
        "dynamic_cost": 9.860127910545433,
        "is_blocked": false
      }
    },
    {
      "type": "Feature",
      "geometry": {
        "type": "LineString",
        "coordinates": [
          [
            23.0,
            7.0
          ],
          [
            15.0,
            3.0
          ]
        ]
      },
      "properties": {
        "entity_type": "road",
        "road_id": "ROAD_HUB_SE_SUBURB_HUB_SOUTH_TECH",
        "source": "HUB_SE_SUBURB",
        "target": "HUB_SOUTH_TECH",
        "name": "Tech East Connector (HUB_SE_SUBURB -> HUB_SOUTH_TECH)",
        "road_class": "arterial",
        "distance": 9.839,
        "lane_count": 2,
        "capacity": 2459.8,
        "speed_limit": 60.0,
        "current_speed": 59.72,
        "vehicle_count": 768.2,
        "congestion_ratio": 0.3123,
        "congestion_level": "free_flow",
        "incident_status": "none",
        "dynamic_cost": 9.885797105032005,
        "is_blocked": false
      }
    },
    {
      "type": "Feature",
      "geometry": {
        "type": "LineString",
        "coordinates": [
          [
            15.0,
            3.0
          ],
          [
            23.0,
            7.0
          ]
        ]
      },
      "properties": {
        "entity_type": "road",
        "road_id": "ROAD_HUB_SOUTH_TECH_HUB_SE_SUBURB",
        "source": "HUB_SOUTH_TECH",
        "target": "HUB_SE_SUBURB",
        "name": "Tech East Connector (HUB_SOUTH_TECH -> HUB_SE_SUBURB)",
        "road_class": "arterial",
        "distance": 9.839,
        "lane_count": 2,
        "capacity": 2459.8,
        "speed_limit": 60.0,
        "current_speed": 59.46,
        "vehicle_count": 903.0,
        "congestion_ratio": 0.3671,
        "congestion_level": "normal",
        "incident_status": "none",
        "dynamic_cost": 9.928345519311272,
        "is_blocked": false
      }
    },
    {
      "type": "Feature",
      "geometry": {
        "type": "LineString",
        "coordinates": [
          [
            7.0,
            7.0
          ],
          [
            15.0,
            3.0
          ]
        ]
      },
      "properties": {
        "entity_type": "road",
        "road_id": "ROAD_HUB_SW_SUBURB_HUB_SOUTH_TECH",
        "source": "HUB_SW_SUBURB",
        "target": "HUB_SOUTH_TECH",
        "name": "Tech West Connector (HUB_SW_SUBURB -> HUB_SOUTH_TECH)",
        "road_class": "arterial",
        "distance": 9.839,
        "lane_count": 2,
        "capacity": 2459.8,
        "speed_limit": 60.0,
        "current_speed": 59.82,
        "vehicle_count": 688.5,
        "congestion_ratio": 0.2799,
        "congestion_level": "free_flow",
        "incident_status": "none",
        "dynamic_cost": 9.869195175251914,
        "is_blocked": false
      }
    },
    {
      "type": "Feature",
      "geometry": {
        "type": "LineString",
        "coordinates": [
          [
            15.0,
            3.0
          ],
          [
            7.0,
            7.0
          ]
        ]
      },
      "properties": {
        "entity_type": "road",
        "road_id": "ROAD_HUB_SOUTH_TECH_HUB_SW_SUBURB",
        "source": "HUB_SOUTH_TECH",
        "target": "HUB_SW_SUBURB",
        "name": "Tech West Connector (HUB_SOUTH_TECH -> HUB_SW_SUBURB)",
        "road_class": "arterial",
        "distance": 9.839,
        "lane_count": 2,
        "capacity": 2459.8,
        "speed_limit": 60.0,
        "current_speed": 59.89,
        "vehicle_count": 611.0,
        "congestion_ratio": 0.2484,
        "congestion_level": "free_flow",
        "incident_status": "none",
        "dynamic_cost": 9.857727793722898,
        "is_blocked": false
      }
    },
    {
      "type": "Feature",
      "geometry": {
        "type": "LineString",
        "coordinates": [
          [
            7.0,
            7.0
          ],
          [
            3.0,
            15.0
          ]
        ]
      },
      "properties": {
        "entity_type": "road",
        "road_id": "ROAD_HUB_SW_SUBURB_HUB_WEST_HARBOR",
        "source": "HUB_SW_SUBURB",
        "target": "HUB_WEST_HARBOR",
        "name": "Harbor South Connector (HUB_SW_SUBURB -> HUB_WEST_HARBOR)",
        "road_class": "arterial",
        "distance": 9.839,
        "lane_count": 2,
        "capacity": 2459.8,
        "speed_limit": 60.0,
        "current_speed": 59.35,
        "vehicle_count": 946.0,
        "congestion_ratio": 0.3846,
        "congestion_level": "normal",
        "incident_status": "none",
        "dynamic_cost": 9.946618348176846,
        "is_blocked": false
      }
    },
    {
      "type": "Feature",
      "geometry": {
        "type": "LineString",
        "coordinates": [
          [
            3.0,
            15.0
          ],
          [
            7.0,
            7.0
          ]
        ]
      },
      "properties": {
        "entity_type": "road",
        "road_id": "ROAD_HUB_WEST_HARBOR_HUB_SW_SUBURB",
        "source": "HUB_WEST_HARBOR",
        "target": "HUB_SW_SUBURB",
        "name": "Harbor South Connector (HUB_WEST_HARBOR -> HUB_SW_SUBURB)",
        "road_class": "arterial",
        "distance": 9.839,
        "lane_count": 2,
        "capacity": 2459.8,
        "speed_limit": 60.0,
        "current_speed": 59.76,
        "vehicle_count": 735.9,
        "congestion_ratio": 0.2992,
        "congestion_level": "free_flow",
        "incident_status": "none",
        "dynamic_cost": 9.878409142747078,
        "is_blocked": false
      }
    },
    {
      "type": "Feature",
      "geometry": {
        "type": "LineString",
        "coordinates": [
          [
            7.0,
            23.0
          ],
          [
            3.0,
            15.0
          ]
        ]
      },
      "properties": {
        "entity_type": "road",
        "road_id": "ROAD_HUB_NW_SUBURB_HUB_WEST_HARBOR",
        "source": "HUB_NW_SUBURB",
        "target": "HUB_WEST_HARBOR",
        "name": "Harbor North Connector (HUB_NW_SUBURB -> HUB_WEST_HARBOR)",
        "road_class": "arterial",
        "distance": 9.839,
        "lane_count": 2,
        "capacity": 2459.8,
        "speed_limit": 60.0,
        "current_speed": 59.92,
        "vehicle_count": 555.7,
        "congestion_ratio": 0.2259,
        "congestion_level": "free_flow",
        "incident_status": "none",
        "dynamic_cost": 9.851813959981932,
        "is_blocked": false
      }
    },
    {
      "type": "Feature",
      "geometry": {
        "type": "LineString",
        "coordinates": [
          [
            3.0,
            15.0
          ],
          [
            7.0,
            23.0
          ]
        ]
      },
      "properties": {
        "entity_type": "road",
        "road_id": "ROAD_HUB_WEST_HARBOR_HUB_NW_SUBURB",
        "source": "HUB_WEST_HARBOR",
        "target": "HUB_NW_SUBURB",
        "name": "Harbor North Connector (HUB_WEST_HARBOR -> HUB_NW_SUBURB)",
        "road_class": "arterial",
        "distance": 9.839,
        "lane_count": 2,
        "capacity": 2459.8,
        "speed_limit": 60.0,
        "current_speed": 59.93,
        "vehicle_count": 536.8,
        "congestion_ratio": 0.2182,
        "congestion_level": "free_flow",
        "incident_status": "none",
        "dynamic_cost": 9.850157626127114,
        "is_blocked": false
      }
    },
    {
      "type": "Feature",
      "geometry": {
        "type": "LineString",
        "coordinates": [
          [
            13.5,
            15.0
          ],
          [
            16.5,
            15.0
          ]
        ]
      },
      "properties": {
        "entity_type": "road",
        "road_id": "ROAD_INT_CBD_1_INT_CBD_2",
        "source": "INT_CBD_1",
        "target": "INT_CBD_2",
        "name": "CBD Downtown Street (INT_CBD_1 -> INT_CBD_2)",
        "road_class": "local",
        "distance": 3.36,
        "lane_count": 2,
        "capacity": 840.0,
        "speed_limit": 40.0,
        "current_speed": 40.0,
        "vehicle_count": 55.4,
        "congestion_ratio": 0.066,
        "congestion_level": "free_flow",
        "incident_status": "none",
        "dynamic_cost": 5.040047678485916,
        "is_blocked": false
      }
    },
    {
      "type": "Feature",
      "geometry": {
        "type": "LineString",
        "coordinates": [
          [
            16.5,
            15.0
          ],
          [
            13.5,
            15.0
          ]
        ]
      },
      "properties": {
        "entity_type": "road",
        "road_id": "ROAD_INT_CBD_2_INT_CBD_1",
        "source": "INT_CBD_2",
        "target": "INT_CBD_1",
        "name": "CBD Downtown Street (INT_CBD_2 -> INT_CBD_1)",
        "road_class": "local",
        "distance": 3.36,
        "lane_count": 2,
        "capacity": 840.0,
        "speed_limit": 40.0,
        "current_speed": 39.99,
        "vehicle_count": 108.7,
        "congestion_ratio": 0.1294,
        "congestion_level": "free_flow",
        "incident_status": "none",
        "dynamic_cost": 5.040706645459669,
        "is_blocked": false
      }
    },
    {
      "type": "Feature",
      "geometry": {
        "type": "LineString",
        "coordinates": [
          [
            15.0,
            15.0
          ],
          [
            13.5,
            15.0
          ]
        ]
      },
      "properties": {
        "entity_type": "road",
        "road_id": "ROAD_HUB_CBD_INT_CBD_1",
        "source": "HUB_CBD",
        "target": "INT_CBD_1",
        "name": "Downtown Commercial Avenue (HUB_CBD -> INT_CBD_1)",
        "road_class": "local",
        "distance": 1.5,
        "lane_count": 2,
        "capacity": 375.0,
        "speed_limit": 35.0,
        "current_speed": 34.97,
        "vehicle_count": 75.7,
        "congestion_ratio": 0.2019,
        "congestion_level": "free_flow",
        "incident_status": "none",
        "dynamic_cost": 2.573563596191458,
        "is_blocked": false
      }
    },
    {
      "type": "Feature",
      "geometry": {
        "type": "LineString",
        "coordinates": [
          [
            13.5,
            15.0
          ],
          [
            15.0,
            15.0
          ]
        ]
      },
      "properties": {
        "entity_type": "road",
        "road_id": "ROAD_INT_CBD_1_HUB_CBD",
        "source": "INT_CBD_1",
        "target": "HUB_CBD",
        "name": "Downtown Commercial Avenue (INT_CBD_1 -> HUB_CBD)",
        "road_class": "local",
        "distance": 1.5,
        "lane_count": 2,
        "capacity": 375.0,
        "speed_limit": 35.0,
        "current_speed": 34.99,
        "vehicle_count": 52.8,
        "congestion_ratio": 0.1408,
        "congestion_level": "free_flow",
        "incident_status": "none",
        "dynamic_cost": 2.5719338781657384,
        "is_blocked": false
      }
    },
    {
      "type": "Feature",
      "geometry": {
        "type": "LineString",
        "coordinates": [
          [
            16.5,
            15.0
          ],
          [
            15.0,
            13.5
          ]
        ]
      },
      "properties": {
        "entity_type": "road",
        "road_id": "ROAD_INT_CBD_2_INT_CBD_3",
        "source": "INT_CBD_2",
        "target": "INT_CBD_3",
        "name": "CBD Downtown Street (INT_CBD_2 -> INT_CBD_3)",
        "road_class": "local",
        "distance": 2.376,
        "lane_count": 2,
        "capacity": 594.0,
        "speed_limit": 40.0,
        "current_speed": 40.0,
        "vehicle_count": 35.8,
        "congestion_ratio": 0.0603,
        "congestion_level": "free_flow",
        "incident_status": "none",
        "dynamic_cost": 3.5640235122410946,
        "is_blocked": false
      }
    },
    {
      "type": "Feature",
      "geometry": {
        "type": "LineString",
        "coordinates": [
          [
            15.0,
            13.5
          ],
          [
            16.5,
            15.0
          ]
        ]
      },
      "properties": {
        "entity_type": "road",
        "road_id": "ROAD_INT_CBD_3_INT_CBD_2",
        "source": "INT_CBD_3",
        "target": "INT_CBD_2",
        "name": "CBD Downtown Street (INT_CBD_3 -> INT_CBD_2)",
        "road_class": "local",
        "distance": 2.376,
        "lane_count": 2,
        "capacity": 594.0,
        "speed_limit": 40.0,
        "current_speed": 40.0,
        "vehicle_count": 59.0,
        "congestion_ratio": 0.0993,
        "congestion_level": "free_flow",
        "incident_status": "none",
        "dynamic_cost": 3.5641734482675496,
        "is_blocked": false
      }
    },
    {
      "type": "Feature",
      "geometry": {
        "type": "LineString",
        "coordinates": [
          [
            15.0,
            13.5
          ],
          [
            15.0,
            16.5
          ]
        ]
      },
      "properties": {
        "entity_type": "road",
        "road_id": "ROAD_INT_CBD_3_INT_CBD_4",
        "source": "INT_CBD_3",
        "target": "INT_CBD_4",
        "name": "CBD Downtown Street (INT_CBD_3 -> INT_CBD_4)",
        "road_class": "local",
        "distance": 3.36,
        "lane_count": 2,
        "capacity": 840.0,
        "speed_limit": 40.0,
        "current_speed": 39.98,
        "vehicle_count": 146.6,
        "congestion_ratio": 0.1745,
        "congestion_level": "free_flow",
        "incident_status": "none",
        "dynamic_cost": 5.042337864184653,
        "is_blocked": false
      }
    },
    {
      "type": "Feature",
      "geometry": {
        "type": "LineString",
        "coordinates": [
          [
            15.0,
            16.5
          ],
          [
            15.0,
            13.5
          ]
        ]
      },
      "properties": {
        "entity_type": "road",
        "road_id": "ROAD_INT_CBD_4_INT_CBD_3",
        "source": "INT_CBD_4",
        "target": "INT_CBD_3",
        "name": "CBD Downtown Street (INT_CBD_4 -> INT_CBD_3)",
        "road_class": "local",
        "distance": 3.36,
        "lane_count": 2,
        "capacity": 840.0,
        "speed_limit": 40.0,
        "current_speed": 40.0,
        "vehicle_count": 98.5,
        "congestion_ratio": 0.1173,
        "congestion_level": "free_flow",
        "incident_status": "none",
        "dynamic_cost": 5.040476462053887,
        "is_blocked": false
      }
    },
    {
      "type": "Feature",
      "geometry": {
        "type": "LineString",
        "coordinates": [
          [
            15.0,
            15.0
          ],
          [
            15.0,
            13.5
          ]
        ]
      },
      "properties": {
        "entity_type": "road",
        "road_id": "ROAD_HUB_CBD_INT_CBD_3",
        "source": "HUB_CBD",
        "target": "INT_CBD_3",
        "name": "Downtown Commercial Avenue (HUB_CBD -> INT_CBD_3)",
        "road_class": "local",
        "distance": 1.5,
        "lane_count": 2,
        "capacity": 375.0,
        "speed_limit": 35.0,
        "current_speed": 34.95,
        "vehicle_count": 86.8,
        "congestion_ratio": 0.2315,
        "congestion_level": "free_flow",
        "incident_status": "none",
        "dynamic_cost": 2.5751191826612487,
        "is_blocked": false
      }
    },
    {
      "type": "Feature",
      "geometry": {
        "type": "LineString",
        "coordinates": [
          [
            15.0,
            13.5
          ],
          [
            15.0,
            15.0
          ]
        ]
      },
      "properties": {
        "entity_type": "road",
        "road_id": "ROAD_INT_CBD_3_HUB_CBD",
        "source": "INT_CBD_3",
        "target": "HUB_CBD",
        "name": "Downtown Commercial Avenue (INT_CBD_3 -> HUB_CBD)",
        "road_class": "local",
        "distance": 1.5,
        "lane_count": 2,
        "capacity": 375.0,
        "speed_limit": 35.0,
        "current_speed": 34.96,
        "vehicle_count": 80.0,
        "congestion_ratio": 0.2133,
        "congestion_level": "free_flow",
        "incident_status": "none",
        "dynamic_cost": 2.5740916215873018,
        "is_blocked": false
      }
    },
    {
      "type": "Feature",
      "geometry": {
        "type": "LineString",
        "coordinates": [
          [
            15.0,
            16.5
          ],
          [
            13.8,
            13.8
          ]
        ]
      },
      "properties": {
        "entity_type": "road",
        "road_id": "ROAD_INT_CBD_4_INT_CBD_5",
        "source": "INT_CBD_4",
        "target": "INT_CBD_5",
        "name": "CBD Downtown Street (INT_CBD_4 -> INT_CBD_5)",
        "road_class": "local",
        "distance": 3.309,
        "lane_count": 2,
        "capacity": 827.2,
        "speed_limit": 40.0,
        "current_speed": 40.0,
        "vehicle_count": 44.6,
        "congestion_ratio": 0.0539,
        "congestion_level": "free_flow",
        "incident_status": "none",
        "dynamic_cost": 4.963520972749151,
        "is_blocked": false
      }
    },
    {
      "type": "Feature",
      "geometry": {
        "type": "LineString",
        "coordinates": [
          [
            13.8,
            13.8
          ],
          [
            15.0,
            16.5
          ]
        ]
      },
      "properties": {
        "entity_type": "road",
        "road_id": "ROAD_INT_CBD_5_INT_CBD_4",
        "source": "INT_CBD_5",
        "target": "INT_CBD_4",
        "name": "CBD Downtown Street (INT_CBD_5 -> INT_CBD_4)",
        "road_class": "local",
        "distance": 3.309,
        "lane_count": 2,
        "capacity": 827.2,
        "speed_limit": 40.0,
        "current_speed": 39.99,
        "vehicle_count": 116.5,
        "congestion_ratio": 0.1408,
        "congestion_level": "free_flow",
        "incident_status": "none",
        "dynamic_cost": 4.964476381695542,
        "is_blocked": false
      }
    },
    {
      "type": "Feature",
      "geometry": {
        "type": "LineString",
        "coordinates": [
          [
            13.8,
            13.8
          ],
          [
            16.2,
            16.2
          ]
        ]
      },
      "properties": {
        "entity_type": "road",
        "road_id": "ROAD_INT_CBD_5_INT_CBD_6",
        "source": "INT_CBD_5",
        "target": "INT_CBD_6",
        "name": "CBD Downtown Street (INT_CBD_5 -> INT_CBD_6)",
        "road_class": "local",
        "distance": 3.801,
        "lane_count": 2,
        "capacity": 950.2,
        "speed_limit": 40.0,
        "current_speed": 39.99,
        "vehicle_count": 129.2,
        "congestion_ratio": 0.136,
        "congestion_level": "free_flow",
        "incident_status": "none",
        "dynamic_cost": 5.70247442649327,
        "is_blocked": false
      }
    },
    {
      "type": "Feature",
      "geometry": {
        "type": "LineString",
        "coordinates": [
          [
            16.2,
            16.2
          ],
          [
            13.8,
            13.8
          ]
        ]
      },
      "properties": {
        "entity_type": "road",
        "road_id": "ROAD_INT_CBD_6_INT_CBD_5",
        "source": "INT_CBD_6",
        "target": "INT_CBD_5",
        "name": "CBD Downtown Street (INT_CBD_6 -> INT_CBD_5)",
        "road_class": "local",
        "distance": 3.801,
        "lane_count": 2,
        "capacity": 950.2,
        "speed_limit": 40.0,
        "current_speed": 40.0,
        "vehicle_count": 112.4,
        "congestion_ratio": 0.1183,
        "congestion_level": "free_flow",
        "incident_status": "none",
        "dynamic_cost": 5.702058167150475,
        "is_blocked": false
      }
    },
    {
      "type": "Feature",
      "geometry": {
        "type": "LineString",
        "coordinates": [
          [
            15.0,
            15.0
          ],
          [
            13.8,
            13.8
          ]
        ]
      },
      "properties": {
        "entity_type": "road",
        "road_id": "ROAD_HUB_CBD_INT_CBD_5",
        "source": "HUB_CBD",
        "target": "INT_CBD_5",
        "name": "Downtown Commercial Avenue (HUB_CBD -> INT_CBD_5)",
        "road_class": "local",
        "distance": 1.697,
        "lane_count": 2,
        "capacity": 424.2,
        "speed_limit": 35.0,
        "current_speed": 35.0,
        "vehicle_count": 48.8,
        "congestion_ratio": 0.115,
        "congestion_level": "free_flow",
        "incident_status": "none",
        "dynamic_cost": 2.909397617403171,
        "is_blocked": false
      }
    },
    {
      "type": "Feature",
      "geometry": {
        "type": "LineString",
        "coordinates": [
          [
            13.8,
            13.8
          ],
          [
            15.0,
            15.0
          ]
        ]
      },
      "properties": {
        "entity_type": "road",
        "road_id": "ROAD_INT_CBD_5_HUB_CBD",
        "source": "INT_CBD_5",
        "target": "HUB_CBD",
        "name": "Downtown Commercial Avenue (INT_CBD_5 -> HUB_CBD)",
        "road_class": "local",
        "distance": 1.697,
        "lane_count": 2,
        "capacity": 424.2,
        "speed_limit": 35.0,
        "current_speed": 34.98,
        "vehicle_count": 75.0,
        "congestion_ratio": 0.1768,
        "congestion_level": "free_flow",
        "incident_status": "none",
        "dynamic_cost": 2.9105641954122543,
        "is_blocked": false
      }
    },
    {
      "type": "Feature",
      "geometry": {
        "type": "LineString",
        "coordinates": [
          [
            16.2,
            16.2
          ],
          [
            13.5,
            15.0
          ]
        ]
      },
      "properties": {
        "entity_type": "road",
        "road_id": "ROAD_INT_CBD_6_INT_CBD_1",
        "source": "INT_CBD_6",
        "target": "INT_CBD_1",
        "name": "CBD Downtown Street (INT_CBD_6 -> INT_CBD_1)",
        "road_class": "local",
        "distance": 3.309,
        "lane_count": 2,
        "capacity": 827.2,
        "speed_limit": 40.0,
        "current_speed": 40.0,
        "vehicle_count": 54.7,
        "congestion_ratio": 0.0661,
        "congestion_level": "free_flow",
        "incident_status": "none",
        "dynamic_cost": 4.9635474531703405,
        "is_blocked": false
      }
    },
    {
      "type": "Feature",
      "geometry": {
        "type": "LineString",
        "coordinates": [
          [
            13.5,
            15.0
          ],
          [
            16.2,
            16.2
          ]
        ]
      },
      "properties": {
        "entity_type": "road",
        "road_id": "ROAD_INT_CBD_1_INT_CBD_6",
        "source": "INT_CBD_1",
        "target": "INT_CBD_6",
        "name": "CBD Downtown Street (INT_CBD_1 -> INT_CBD_6)",
        "road_class": "local",
        "distance": 3.309,
        "lane_count": 2,
        "capacity": 827.2,
        "speed_limit": 40.0,
        "current_speed": 40.0,
        "vehicle_count": 87.5,
        "congestion_ratio": 0.1058,
        "congestion_level": "free_flow",
        "incident_status": "none",
        "dynamic_cost": 4.963810704926652,
        "is_blocked": false
      }
    },
    {
      "type": "Feature",
      "geometry": {
        "type": "LineString",
        "coordinates": [
          [
            15.0,
            27.0
          ],
          [
            13.0,
            27.0
          ]
        ]
      },
      "properties": {
        "entity_type": "road",
        "road_id": "ROAD_HUB_NORTH_LOGISTICS_INT_LOG_1",
        "source": "HUB_NORTH_LOGISTICS",
        "target": "INT_LOG_1",
        "name": "Logistics Depot Road (HUB_NORTH_LOGISTICS -> INT_LOG_1)",
        "road_class": "local",
        "distance": 2.0,
        "lane_count": 2,
        "capacity": 500.0,
        "speed_limit": 40.0,
        "current_speed": 40.0,
        "vehicle_count": 54.0,
        "congestion_ratio": 0.108,
        "congestion_level": "free_flow",
        "incident_status": "none",
        "dynamic_cost": 3.000204073344,
        "is_blocked": false
      }
    },
    {
      "type": "Feature",
      "geometry": {
        "type": "LineString",
        "coordinates": [
          [
            13.0,
            27.0
          ],
          [
            15.0,
            27.0
          ]
        ]
      },
      "properties": {
        "entity_type": "road",
        "road_id": "ROAD_INT_LOG_1_HUB_NORTH_LOGISTICS",
        "source": "INT_LOG_1",
        "target": "HUB_NORTH_LOGISTICS",
        "name": "Logistics Depot Road (INT_LOG_1 -> HUB_NORTH_LOGISTICS)",
        "road_class": "local",
        "distance": 2.0,
        "lane_count": 2,
        "capacity": 500.0,
        "speed_limit": 40.0,
        "current_speed": 39.98,
        "vehicle_count": 84.7,
        "congestion_ratio": 0.1694,
        "congestion_level": "free_flow",
        "incident_status": "none",
        "dynamic_cost": 3.0012352216158744,
        "is_blocked": false
      }
    },
    {
      "type": "Feature",
      "geometry": {
        "type": "LineString",
        "coordinates": [
          [
            15.0,
            27.0
          ],
          [
            17.0,
            27.0
          ]
        ]
      },
      "properties": {
        "entity_type": "road",
        "road_id": "ROAD_HUB_NORTH_LOGISTICS_INT_LOG_2",
        "source": "HUB_NORTH_LOGISTICS",
        "target": "INT_LOG_2",
        "name": "Logistics Depot Road (HUB_NORTH_LOGISTICS -> INT_LOG_2)",
        "road_class": "local",
        "distance": 2.0,
        "lane_count": 2,
        "capacity": 500.0,
        "speed_limit": 40.0,
        "current_speed": 39.99,
        "vehicle_count": 79.9,
        "congestion_ratio": 0.1598,
        "congestion_level": "free_flow",
        "incident_status": "none",
        "dynamic_cost": 3.0009781340083226,
        "is_blocked": false
      }
    },
    {
      "type": "Feature",
      "geometry": {
        "type": "LineString",
        "coordinates": [
          [
            17.0,
            27.0
          ],
          [
            15.0,
            27.0
          ]
        ]
      },
      "properties": {
        "entity_type": "road",
        "road_id": "ROAD_INT_LOG_2_HUB_NORTH_LOGISTICS",
        "source": "INT_LOG_2",
        "target": "HUB_NORTH_LOGISTICS",
        "name": "Logistics Depot Road (INT_LOG_2 -> HUB_NORTH_LOGISTICS)",
        "road_class": "local",
        "distance": 2.0,
        "lane_count": 2,
        "capacity": 500.0,
        "speed_limit": 40.0,
        "current_speed": 40.0,
        "vehicle_count": 42.4,
        "congestion_ratio": 0.0848,
        "congestion_level": "free_flow",
        "incident_status": "none",
        "dynamic_cost": 3.0000775665844226,
        "is_blocked": false
      }
    },
    {
      "type": "Feature",
      "geometry": {
        "type": "LineString",
        "coordinates": [
          [
            15.0,
            27.0
          ],
          [
            15.0,
            25.0
          ]
        ]
      },
      "properties": {
        "entity_type": "road",
        "road_id": "ROAD_HUB_NORTH_LOGISTICS_INT_LOG_3",
        "source": "HUB_NORTH_LOGISTICS",
        "target": "INT_LOG_3",
        "name": "Logistics Depot Road (HUB_NORTH_LOGISTICS -> INT_LOG_3)",
        "road_class": "local",
        "distance": 2.0,
        "lane_count": 2,
        "capacity": 500.0,
        "speed_limit": 40.0,
        "current_speed": 40.0,
        "vehicle_count": 56.9,
        "congestion_ratio": 0.1138,
        "congestion_level": "free_flow",
        "incident_status": "none",
        "dynamic_cost": 3.0002515708442905,
        "is_blocked": false
      }
    },
    {
      "type": "Feature",
      "geometry": {
        "type": "LineString",
        "coordinates": [
          [
            15.0,
            25.0
          ],
          [
            15.0,
            27.0
          ]
        ]
      },
      "properties": {
        "entity_type": "road",
        "road_id": "ROAD_INT_LOG_3_HUB_NORTH_LOGISTICS",
        "source": "INT_LOG_3",
        "target": "HUB_NORTH_LOGISTICS",
        "name": "Logistics Depot Road (INT_LOG_3 -> HUB_NORTH_LOGISTICS)",
        "road_class": "local",
        "distance": 2.0,
        "lane_count": 2,
        "capacity": 500.0,
        "speed_limit": 40.0,
        "current_speed": 40.0,
        "vehicle_count": 37.2,
        "congestion_ratio": 0.0744,
        "congestion_level": "free_flow",
        "incident_status": "none",
        "dynamic_cost": 3.0000459603154943,
        "is_blocked": false
      }
    },
    {
      "type": "Feature",
      "geometry": {
        "type": "LineString",
        "coordinates": [
          [
            27.0,
            15.0
          ],
          [
            27.0,
            17.0
          ]
        ]
      },
      "properties": {
        "entity_type": "road",
        "road_id": "ROAD_HUB_EAST_AIRPORT_INT_AIR_1",
        "source": "HUB_EAST_AIRPORT",
        "target": "INT_AIR_1",
        "name": "Airport Internal Way (HUB_EAST_AIRPORT -> INT_AIR_1)",
        "road_class": "local",
        "distance": 2.0,
        "lane_count": 2,
        "capacity": 500.0,
        "speed_limit": 40.0,
        "current_speed": 39.99,
        "vehicle_count": 82.1,
        "congestion_ratio": 0.1642,
        "congestion_level": "free_flow",
        "incident_status": "none",
        "dynamic_cost": 3.0010903950472345,
        "is_blocked": false
      }
    },
    {
      "type": "Feature",
      "geometry": {
        "type": "LineString",
        "coordinates": [
          [
            27.0,
            17.0
          ],
          [
            27.0,
            15.0
          ]
        ]
      },
      "properties": {
        "entity_type": "road",
        "road_id": "ROAD_INT_AIR_1_HUB_EAST_AIRPORT",
        "source": "INT_AIR_1",
        "target": "HUB_EAST_AIRPORT",
        "name": "Airport Internal Way (INT_AIR_1 -> HUB_EAST_AIRPORT)",
        "road_class": "local",
        "distance": 2.0,
        "lane_count": 2,
        "capacity": 500.0,
        "speed_limit": 40.0,
        "current_speed": 39.99,
        "vehicle_count": 79.6,
        "congestion_ratio": 0.1592,
        "congestion_level": "free_flow",
        "incident_status": "none",
        "dynamic_cost": 3.000963526165094,
        "is_blocked": false
      }
    },
    {
      "type": "Feature",
      "geometry": {
        "type": "LineString",
        "coordinates": [
          [
            27.0,
            15.0
          ],
          [
            27.0,
            13.0
          ]
        ]
      },
      "properties": {
        "entity_type": "road",
        "road_id": "ROAD_HUB_EAST_AIRPORT_INT_AIR_2",
        "source": "HUB_EAST_AIRPORT",
        "target": "INT_AIR_2",
        "name": "Airport Internal Way (HUB_EAST_AIRPORT -> INT_AIR_2)",
        "road_class": "local",
        "distance": 2.0,
        "lane_count": 2,
        "capacity": 500.0,
        "speed_limit": 40.0,
        "current_speed": 40.0,
        "vehicle_count": 44.5,
        "congestion_ratio": 0.089,
        "congestion_level": "free_flow",
        "incident_status": "none",
        "dynamic_cost": 3.0000941133615,
        "is_blocked": false
      }
    },
    {
      "type": "Feature",
      "geometry": {
        "type": "LineString",
        "coordinates": [
          [
            27.0,
            13.0
          ],
          [
            27.0,
            15.0
          ]
        ]
      },
      "properties": {
        "entity_type": "road",
        "road_id": "ROAD_INT_AIR_2_HUB_EAST_AIRPORT",
        "source": "INT_AIR_2",
        "target": "HUB_EAST_AIRPORT",
        "name": "Airport Internal Way (INT_AIR_2 -> HUB_EAST_AIRPORT)",
        "road_class": "local",
        "distance": 2.0,
        "lane_count": 2,
        "capacity": 500.0,
        "speed_limit": 40.0,
        "current_speed": 39.99,
        "vehicle_count": 65.4,
        "congestion_ratio": 0.1308,
        "congestion_level": "free_flow",
        "incident_status": "none",
        "dynamic_cost": 3.0004390583439746,
        "is_blocked": false
      }
    },
    {
      "type": "Feature",
      "geometry": {
        "type": "LineString",
        "coordinates": [
          [
            27.0,
            15.0
          ],
          [
            25.0,
            15.0
          ]
        ]
      },
      "properties": {
        "entity_type": "road",
        "road_id": "ROAD_HUB_EAST_AIRPORT_INT_AIR_3",
        "source": "HUB_EAST_AIRPORT",
        "target": "INT_AIR_3",
        "name": "Airport Internal Way (HUB_EAST_AIRPORT -> INT_AIR_3)",
        "road_class": "local",
        "distance": 2.0,
        "lane_count": 2,
        "capacity": 500.0,
        "speed_limit": 40.0,
        "current_speed": 39.99,
        "vehicle_count": 63.5,
        "congestion_ratio": 0.127,
        "congestion_level": "free_flow",
        "incident_status": "none",
        "dynamic_cost": 3.0003902169615,
        "is_blocked": false
      }
    },
    {
      "type": "Feature",
      "geometry": {
        "type": "LineString",
        "coordinates": [
          [
            25.0,
            15.0
          ],
          [
            27.0,
            15.0
          ]
        ]
      },
      "properties": {
        "entity_type": "road",
        "road_id": "ROAD_INT_AIR_3_HUB_EAST_AIRPORT",
        "source": "INT_AIR_3",
        "target": "HUB_EAST_AIRPORT",
        "name": "Airport Internal Way (INT_AIR_3 -> HUB_EAST_AIRPORT)",
        "road_class": "local",
        "distance": 2.0,
        "lane_count": 2,
        "capacity": 500.0,
        "speed_limit": 40.0,
        "current_speed": 40.0,
        "vehicle_count": 35.6,
        "congestion_ratio": 0.0712,
        "congestion_level": "free_flow",
        "incident_status": "none",
        "dynamic_cost": 3.0000385488328702,
        "is_blocked": false
      }
    },
    {
      "type": "Feature",
      "geometry": {
        "type": "LineString",
        "coordinates": [
          [
            15.0,
            3.0
          ],
          [
            13.0,
            3.0
          ]
        ]
      },
      "properties": {
        "entity_type": "road",
        "road_id": "ROAD_HUB_SOUTH_TECH_INT_TECH_1",
        "source": "HUB_SOUTH_TECH",
        "target": "INT_TECH_1",
        "name": "Campus Research Street (HUB_SOUTH_TECH -> INT_TECH_1)",
        "road_class": "local",
        "distance": 2.0,
        "lane_count": 2,
        "capacity": 500.0,
        "speed_limit": 35.0,
        "current_speed": 34.99,
        "vehicle_count": 73.0,
        "congestion_ratio": 0.146,
        "congestion_level": "free_flow",
        "incident_status": "none",
        "dynamic_cost": 3.4293503517531425,
        "is_blocked": false
      }
    },
    {
      "type": "Feature",
      "geometry": {
        "type": "LineString",
        "coordinates": [
          [
            13.0,
            3.0
          ],
          [
            15.0,
            3.0
          ]
        ]
      },
      "properties": {
        "entity_type": "road",
        "road_id": "ROAD_INT_TECH_1_HUB_SOUTH_TECH",
        "source": "INT_TECH_1",
        "target": "HUB_SOUTH_TECH",
        "name": "Campus Research Street (INT_TECH_1 -> HUB_SOUTH_TECH)",
        "road_class": "local",
        "distance": 2.0,
        "lane_count": 2,
        "capacity": 500.0,
        "speed_limit": 35.0,
        "current_speed": 35.0,
        "vehicle_count": 59.3,
        "congestion_ratio": 0.1186,
        "congestion_level": "free_flow",
        "incident_status": "none",
        "dynamic_cost": 3.4289106021098084,
        "is_blocked": false
      }
    },
    {
      "type": "Feature",
      "geometry": {
        "type": "LineString",
        "coordinates": [
          [
            15.0,
            3.0
          ],
          [
            17.0,
            3.0
          ]
        ]
      },
      "properties": {
        "entity_type": "road",
        "road_id": "ROAD_HUB_SOUTH_TECH_INT_TECH_2",
        "source": "HUB_SOUTH_TECH",
        "target": "INT_TECH_2",
        "name": "Campus Research Street (HUB_SOUTH_TECH -> INT_TECH_2)",
        "road_class": "local",
        "distance": 2.0,
        "lane_count": 2,
        "capacity": 500.0,
        "speed_limit": 35.0,
        "current_speed": 34.99,
        "vehicle_count": 73.9,
        "congestion_ratio": 0.1478,
        "congestion_level": "free_flow",
        "incident_status": "none",
        "dynamic_cost": 3.4293894806307867,
        "is_blocked": false
      }
    },
    {
      "type": "Feature",
      "geometry": {
        "type": "LineString",
        "coordinates": [
          [
            17.0,
            3.0
          ],
          [
            15.0,
            3.0
          ]
        ]
      },
      "properties": {
        "entity_type": "road",
        "road_id": "ROAD_INT_TECH_2_HUB_SOUTH_TECH",
        "source": "INT_TECH_2",
        "target": "HUB_SOUTH_TECH",
        "name": "Campus Research Street (INT_TECH_2 -> HUB_SOUTH_TECH)",
        "road_class": "local",
        "distance": 2.0,
        "lane_count": 2,
        "capacity": 500.0,
        "speed_limit": 35.0,
        "current_speed": 35.0,
        "vehicle_count": 58.7,
        "congestion_ratio": 0.1174,
        "congestion_level": "free_flow",
        "incident_status": "none",
        "dynamic_cost": 3.428897081954087,
        "is_blocked": false
      }
    },
    {
      "type": "Feature",
      "geometry": {
        "type": "LineString",
        "coordinates": [
          [
            15.0,
            3.0
          ],
          [
            15.0,
            5.0
          ]
        ]
      },
      "properties": {
        "entity_type": "road",
        "road_id": "ROAD_HUB_SOUTH_TECH_INT_TECH_3",
        "source": "HUB_SOUTH_TECH",
        "target": "INT_TECH_3",
        "name": "Campus Research Street (HUB_SOUTH_TECH -> INT_TECH_3)",
        "road_class": "local",
        "distance": 2.0,
        "lane_count": 2,
        "capacity": 500.0,
        "speed_limit": 35.0,
        "current_speed": 35.0,
        "vehicle_count": 26.3,
        "congestion_ratio": 0.0526,
        "congestion_level": "free_flow",
        "incident_status": "none",
        "dynamic_cost": 3.4285845513615385,
        "is_blocked": false
      }
    },
    {
      "type": "Feature",
      "geometry": {
        "type": "LineString",
        "coordinates": [
          [
            15.0,
            5.0
          ],
          [
            15.0,
            3.0
          ]
        ]
      },
      "properties": {
        "entity_type": "road",
        "road_id": "ROAD_INT_TECH_3_HUB_SOUTH_TECH",
        "source": "INT_TECH_3",
        "target": "HUB_SOUTH_TECH",
        "name": "Campus Research Street (INT_TECH_3 -> HUB_SOUTH_TECH)",
        "road_class": "local",
        "distance": 2.0,
        "lane_count": 2,
        "capacity": 500.0,
        "speed_limit": 35.0,
        "current_speed": 35.0,
        "vehicle_count": 46.1,
        "congestion_ratio": 0.0922,
        "congestion_level": "free_flow",
        "incident_status": "none",
        "dynamic_cost": 3.4286953101954953,
        "is_blocked": false
      }
    },
    {
      "type": "Feature",
      "geometry": {
        "type": "LineString",
        "coordinates": [
          [
            3.0,
            15.0
          ],
          [
            3.0,
            17.0
          ]
        ]
      },
      "properties": {
        "entity_type": "road",
        "road_id": "ROAD_HUB_WEST_HARBOR_INT_HARB_1",
        "source": "HUB_WEST_HARBOR",
        "target": "INT_HARB_1",
        "name": "Harbor Wharf Lane (HUB_WEST_HARBOR -> INT_HARB_1)",
        "road_class": "local",
        "distance": 2.0,
        "lane_count": 2,
        "capacity": 500.0,
        "speed_limit": 40.0,
        "current_speed": 40.0,
        "vehicle_count": 27.4,
        "congestion_ratio": 0.0548,
        "congestion_level": "free_flow",
        "incident_status": "none",
        "dynamic_cost": 3.0000135273738624,
        "is_blocked": false
      }
    },
    {
      "type": "Feature",
      "geometry": {
        "type": "LineString",
        "coordinates": [
          [
            3.0,
            17.0
          ],
          [
            3.0,
            15.0
          ]
        ]
      },
      "properties": {
        "entity_type": "road",
        "road_id": "ROAD_INT_HARB_1_HUB_WEST_HARBOR",
        "source": "INT_HARB_1",
        "target": "HUB_WEST_HARBOR",
        "name": "Harbor Wharf Lane (INT_HARB_1 -> HUB_WEST_HARBOR)",
        "road_class": "local",
        "distance": 2.0,
        "lane_count": 2,
        "capacity": 500.0,
        "speed_limit": 40.0,
        "current_speed": 39.98,
        "vehicle_count": 83.2,
        "congestion_ratio": 0.1664,
        "congestion_level": "free_flow",
        "incident_status": "none",
        "dynamic_cost": 3.0011500177588224,
        "is_blocked": false
      }
    },
    {
      "type": "Feature",
      "geometry": {
        "type": "LineString",
        "coordinates": [
          [
            3.0,
            15.0
          ],
          [
            3.0,
            13.0
          ]
        ]
      },
      "properties": {
        "entity_type": "road",
        "road_id": "ROAD_HUB_WEST_HARBOR_INT_HARB_2",
        "source": "HUB_WEST_HARBOR",
        "target": "INT_HARB_2",
        "name": "Harbor Wharf Lane (HUB_WEST_HARBOR -> INT_HARB_2)",
        "road_class": "local",
        "distance": 2.0,
        "lane_count": 2,
        "capacity": 500.0,
        "speed_limit": 40.0,
        "current_speed": 39.99,
        "vehicle_count": 80.1,
        "congestion_ratio": 0.1602,
        "congestion_level": "free_flow",
        "incident_status": "none",
        "dynamic_cost": 3.0009879644236825,
        "is_blocked": false
      }
    },
    {
      "type": "Feature",
      "geometry": {
        "type": "LineString",
        "coordinates": [
          [
            3.0,
            13.0
          ],
          [
            3.0,
            15.0
          ]
        ]
      },
      "properties": {
        "entity_type": "road",
        "road_id": "ROAD_INT_HARB_2_HUB_WEST_HARBOR",
        "source": "INT_HARB_2",
        "target": "HUB_WEST_HARBOR",
        "name": "Harbor Wharf Lane (INT_HARB_2 -> HUB_WEST_HARBOR)",
        "road_class": "local",
        "distance": 2.0,
        "lane_count": 2,
        "capacity": 500.0,
        "speed_limit": 40.0,
        "current_speed": 39.99,
        "vehicle_count": 77.2,
        "congestion_ratio": 0.1544,
        "congestion_level": "free_flow",
        "incident_status": "none",
        "dynamic_cost": 3.0008524726278143,
        "is_blocked": false
      }
    },
    {
      "type": "Feature",
      "geometry": {
        "type": "LineString",
        "coordinates": [
          [
            3.0,
            15.0
          ],
          [
            5.0,
            15.0
          ]
        ]
      },
      "properties": {
        "entity_type": "road",
        "road_id": "ROAD_HUB_WEST_HARBOR_INT_HARB_3",
        "source": "HUB_WEST_HARBOR",
        "target": "INT_HARB_3",
        "name": "Harbor Wharf Lane (HUB_WEST_HARBOR -> INT_HARB_3)",
        "road_class": "local",
        "distance": 2.0,
        "lane_count": 2,
        "capacity": 500.0,
        "speed_limit": 40.0,
        "current_speed": 40.0,
        "vehicle_count": 45.1,
        "congestion_ratio": 0.0902,
        "congestion_level": "free_flow",
        "incident_status": "none",
        "dynamic_cost": 3.0000992927203223,
        "is_blocked": false
      }
    },
    {
      "type": "Feature",
      "geometry": {
        "type": "LineString",
        "coordinates": [
          [
            5.0,
            15.0
          ],
          [
            3.0,
            15.0
          ]
        ]
      },
      "properties": {
        "entity_type": "road",
        "road_id": "ROAD_INT_HARB_3_HUB_WEST_HARBOR",
        "source": "INT_HARB_3",
        "target": "HUB_WEST_HARBOR",
        "name": "Harbor Wharf Lane (INT_HARB_3 -> HUB_WEST_HARBOR)",
        "road_class": "local",
        "distance": 2.0,
        "lane_count": 2,
        "capacity": 500.0,
        "speed_limit": 40.0,
        "current_speed": 40.0,
        "vehicle_count": 29.8,
        "congestion_ratio": 0.0596,
        "congestion_level": "free_flow",
        "incident_status": "none",
        "dynamic_cost": 3.0000189267609985,
        "is_blocked": false
      }
    },
    {
      "type": "Feature",
      "geometry": {
        "type": "LineString",
        "coordinates": [
          [
            7.0,
            23.0
          ],
          [
            5.2,
            23.0
          ]
        ]
      },
      "properties": {
        "entity_type": "road",
        "road_id": "ROAD_HUB_NW_SUBURB_INT_NW_1",
        "source": "HUB_NW_SUBURB",
        "target": "INT_NW_1",
        "name": "NW Residential Avenue (HUB_NW_SUBURB -> INT_NW_1)",
        "road_class": "local",
        "distance": 2.07,
        "lane_count": 1,
        "capacity": 258.8,
        "speed_limit": 35.0,
        "current_speed": 34.99,
        "vehicle_count": 41.4,
        "congestion_ratio": 0.16,
        "congestion_level": "free_flow",
        "incident_status": "none",
        "dynamic_cost": 3.5497333261117388,
        "is_blocked": false
      }
    },
    {
      "type": "Feature",
      "geometry": {
        "type": "LineString",
        "coordinates": [
          [
            5.2,
            23.0
          ],
          [
            7.0,
            23.0
          ]
        ]
      },
      "properties": {
        "entity_type": "road",
        "road_id": "ROAD_INT_NW_1_HUB_NW_SUBURB",
        "source": "INT_NW_1",
        "target": "HUB_NW_SUBURB",
        "name": "NW Residential Avenue (INT_NW_1 -> HUB_NW_SUBURB)",
        "road_class": "local",
        "distance": 2.07,
        "lane_count": 1,
        "capacity": 258.8,
        "speed_limit": 35.0,
        "current_speed": 34.99,
        "vehicle_count": 43.6,
        "congestion_ratio": 0.1685,
        "congestion_level": "free_flow",
        "incident_status": "none",
        "dynamic_cost": 3.550000692472643,
        "is_blocked": false
      }
    },
    {
      "type": "Feature",
      "geometry": {
        "type": "LineString",
        "coordinates": [
          [
            7.0,
            23.0
          ],
          [
            8.8,
            23.0
          ]
        ]
      },
      "properties": {
        "entity_type": "road",
        "road_id": "ROAD_HUB_NW_SUBURB_INT_NW_2",
        "source": "HUB_NW_SUBURB",
        "target": "INT_NW_2",
        "name": "NW Residential Avenue (HUB_NW_SUBURB -> INT_NW_2)",
        "road_class": "local",
        "distance": 2.07,
        "lane_count": 1,
        "capacity": 258.8,
        "speed_limit": 35.0,
        "current_speed": 35.0,
        "vehicle_count": 16.3,
        "congestion_ratio": 0.063,
        "congestion_level": "free_flow",
        "incident_status": "none",
        "dynamic_cost": 3.5485993486660283,
        "is_blocked": false
      }
    },
    {
      "type": "Feature",
      "geometry": {
        "type": "LineString",
        "coordinates": [
          [
            8.8,
            23.0
          ],
          [
            7.0,
            23.0
          ]
        ]
      },
      "properties": {
        "entity_type": "road",
        "road_id": "ROAD_INT_NW_2_HUB_NW_SUBURB",
        "source": "INT_NW_2",
        "target": "HUB_NW_SUBURB",
        "name": "NW Residential Avenue (INT_NW_2 -> HUB_NW_SUBURB)",
        "road_class": "local",
        "distance": 2.07,
        "lane_count": 1,
        "capacity": 258.8,
        "speed_limit": 35.0,
        "current_speed": 35.0,
        "vehicle_count": 29.0,
        "congestion_ratio": 0.1121,
        "congestion_level": "free_flow",
        "incident_status": "none",
        "dynamic_cost": 3.5488511710763717,
        "is_blocked": false
      }
    },
    {
      "type": "Feature",
      "geometry": {
        "type": "LineString",
        "coordinates": [
          [
            7.0,
            23.0
          ],
          [
            7.0,
            21.2
          ]
        ]
      },
      "properties": {
        "entity_type": "road",
        "road_id": "ROAD_HUB_NW_SUBURB_INT_NW_3",
        "source": "HUB_NW_SUBURB",
        "target": "INT_NW_3",
        "name": "NW Residential Avenue (HUB_NW_SUBURB -> INT_NW_3)",
        "road_class": "local",
        "distance": 2.07,
        "lane_count": 1,
        "capacity": 258.8,
        "speed_limit": 35.0,
        "current_speed": 35.0,
        "vehicle_count": 15.8,
        "congestion_ratio": 0.0611,
        "congestion_level": "free_flow",
        "incident_status": "none",
        "dynamic_cost": 3.5485960773166405,
        "is_blocked": false
      }
    },
    {
      "type": "Feature",
      "geometry": {
        "type": "LineString",
        "coordinates": [
          [
            7.0,
            21.2
          ],
          [
            7.0,
            23.0
          ]
        ]
      },
      "properties": {
        "entity_type": "road",
        "road_id": "ROAD_INT_NW_3_HUB_NW_SUBURB",
        "source": "INT_NW_3",
        "target": "HUB_NW_SUBURB",
        "name": "NW Residential Avenue (INT_NW_3 -> HUB_NW_SUBURB)",
        "road_class": "local",
        "distance": 2.07,
        "lane_count": 1,
        "capacity": 258.8,
        "speed_limit": 35.0,
        "current_speed": 34.99,
        "vehicle_count": 37.7,
        "congestion_ratio": 0.1457,
        "congestion_level": "free_flow",
        "incident_status": "none",
        "dynamic_cost": 3.5493704011397975,
        "is_blocked": false
      }
    },
    {
      "type": "Feature",
      "geometry": {
        "type": "LineString",
        "coordinates": [
          [
            7.0,
            23.0
          ],
          [
            7.0,
            24.8
          ]
        ]
      },
      "properties": {
        "entity_type": "road",
        "road_id": "ROAD_HUB_NW_SUBURB_INT_NW_4",
        "source": "HUB_NW_SUBURB",
        "target": "INT_NW_4",
        "name": "NW Residential Avenue (HUB_NW_SUBURB -> INT_NW_4)",
        "road_class": "local",
        "distance": 2.07,
        "lane_count": 1,
        "capacity": 258.8,
        "speed_limit": 35.0,
        "current_speed": 34.99,
        "vehicle_count": 37.9,
        "congestion_ratio": 0.1464,
        "congestion_level": "free_flow",
        "incident_status": "none",
        "dynamic_cost": 3.5493874908576952,
        "is_blocked": false
      }
    },
    {
      "type": "Feature",
      "geometry": {
        "type": "LineString",
        "coordinates": [
          [
            7.0,
            24.8
          ],
          [
            7.0,
            23.0
          ]
        ]
      },
      "properties": {
        "entity_type": "road",
        "road_id": "ROAD_INT_NW_4_HUB_NW_SUBURB",
        "source": "INT_NW_4",
        "target": "HUB_NW_SUBURB",
        "name": "NW Residential Avenue (INT_NW_4 -> HUB_NW_SUBURB)",
        "road_class": "local",
        "distance": 2.07,
        "lane_count": 1,
        "capacity": 258.8,
        "speed_limit": 35.0,
        "current_speed": 35.0,
        "vehicle_count": 17.7,
        "congestion_ratio": 0.0684,
        "congestion_level": "free_flow",
        "incident_status": "none",
        "dynamic_cost": 3.5486102489291746,
        "is_blocked": false
      }
    },
    {
      "type": "Feature",
      "geometry": {
        "type": "LineString",
        "coordinates": [
          [
            5.2,
            23.0
          ],
          [
            8.8,
            23.0
          ]
        ]
      },
      "properties": {
        "entity_type": "road",
        "road_id": "ROAD_INT_NW_1_INT_NW_2",
        "source": "INT_NW_1",
        "target": "INT_NW_2",
        "name": "NW Neighborhood Street (INT_NW_1 -> INT_NW_2)",
        "road_class": "local",
        "distance": 4.14,
        "lane_count": 1,
        "capacity": 517.5,
        "speed_limit": 30.0,
        "current_speed": 30.0,
        "vehicle_count": 57.3,
        "congestion_ratio": 0.1107,
        "congestion_level": "free_flow",
        "incident_status": "none",
        "dynamic_cost": 8.280622267920359,
        "is_blocked": false
      }
    },
    {
      "type": "Feature",
      "geometry": {
        "type": "LineString",
        "coordinates": [
          [
            8.8,
            23.0
          ],
          [
            5.2,
            23.0
          ]
        ]
      },
      "properties": {
        "entity_type": "road",
        "road_id": "ROAD_INT_NW_2_INT_NW_1",
        "source": "INT_NW_2",
        "target": "INT_NW_1",
        "name": "NW Neighborhood Street (INT_NW_2 -> INT_NW_1)",
        "road_class": "local",
        "distance": 4.14,
        "lane_count": 1,
        "capacity": 517.5,
        "speed_limit": 30.0,
        "current_speed": 30.0,
        "vehicle_count": 62.0,
        "congestion_ratio": 0.1198,
        "congestion_level": "free_flow",
        "incident_status": "none",
        "dynamic_cost": 8.280852954142189,
        "is_blocked": false
      }
    },
    {
      "type": "Feature",
      "geometry": {
        "type": "LineString",
        "coordinates": [
          [
            8.8,
            23.0
          ],
          [
            7.0,
            21.2
          ]
        ]
      },
      "properties": {
        "entity_type": "road",
        "road_id": "ROAD_INT_NW_2_INT_NW_3",
        "source": "INT_NW_2",
        "target": "INT_NW_3",
        "name": "NW Neighborhood Street (INT_NW_2 -> INT_NW_3)",
        "road_class": "local",
        "distance": 2.927,
        "lane_count": 1,
        "capacity": 365.9,
        "speed_limit": 30.0,
        "current_speed": 30.0,
        "vehicle_count": 31.1,
        "congestion_ratio": 0.085,
        "congestion_level": "free_flow",
        "incident_status": "none",
        "dynamic_cost": 5.854152761755522,
        "is_blocked": false
      }
    },
    {
      "type": "Feature",
      "geometry": {
        "type": "LineString",
        "coordinates": [
          [
            7.0,
            21.2
          ],
          [
            8.8,
            23.0
          ]
        ]
      },
      "properties": {
        "entity_type": "road",
        "road_id": "ROAD_INT_NW_3_INT_NW_2",
        "source": "INT_NW_3",
        "target": "INT_NW_2",
        "name": "NW Neighborhood Street (INT_NW_3 -> INT_NW_2)",
        "road_class": "local",
        "distance": 2.927,
        "lane_count": 1,
        "capacity": 365.9,
        "speed_limit": 30.0,
        "current_speed": 29.99,
        "vehicle_count": 58.3,
        "congestion_ratio": 0.1593,
        "congestion_level": "free_flow",
        "incident_status": "none",
        "dynamic_cost": 5.8558864587079755,
        "is_blocked": false
      }
    },
    {
      "type": "Feature",
      "geometry": {
        "type": "LineString",
        "coordinates": [
          [
            7.0,
            21.2
          ],
          [
            7.0,
            24.8
          ]
        ]
      },
      "properties": {
        "entity_type": "road",
        "road_id": "ROAD_INT_NW_3_INT_NW_4",
        "source": "INT_NW_3",
        "target": "INT_NW_4",
        "name": "NW Neighborhood Street (INT_NW_3 -> INT_NW_4)",
        "road_class": "local",
        "distance": 4.14,
        "lane_count": 1,
        "capacity": 517.5,
        "speed_limit": 30.0,
        "current_speed": 30.0,
        "vehicle_count": 54.0,
        "congestion_ratio": 0.1043,
        "congestion_level": "free_flow",
        "incident_status": "none",
        "dynamic_cost": 8.280490833237446,
        "is_blocked": false
      }
    },
    {
      "type": "Feature",
      "geometry": {
        "type": "LineString",
        "coordinates": [
          [
            7.0,
            24.8
          ],
          [
            7.0,
            21.2
          ]
        ]
      },
      "properties": {
        "entity_type": "road",
        "road_id": "ROAD_INT_NW_4_INT_NW_3",
        "source": "INT_NW_4",
        "target": "INT_NW_3",
        "name": "NW Neighborhood Street (INT_NW_4 -> INT_NW_3)",
        "road_class": "local",
        "distance": 4.14,
        "lane_count": 1,
        "capacity": 517.5,
        "speed_limit": 30.0,
        "current_speed": 30.0,
        "vehicle_count": 40.6,
        "congestion_ratio": 0.0785,
        "congestion_level": "free_flow",
        "incident_status": "none",
        "dynamic_cost": 8.2801568422482,
        "is_blocked": false
      }
    },
    {
      "type": "Feature",
      "geometry": {
        "type": "LineString",
        "coordinates": [
          [
            7.0,
            24.8
          ],
          [
            5.2,
            23.0
          ]
        ]
      },
      "properties": {
        "entity_type": "road",
        "road_id": "ROAD_INT_NW_4_INT_NW_1",
        "source": "INT_NW_4",
        "target": "INT_NW_1",
        "name": "NW Neighborhood Street (INT_NW_4 -> INT_NW_1)",
        "road_class": "local",
        "distance": 2.927,
        "lane_count": 1,
        "capacity": 365.9,
        "speed_limit": 30.0,
        "current_speed": 30.0,
        "vehicle_count": 43.4,
        "congestion_ratio": 0.1186,
        "congestion_level": "free_flow",
        "incident_status": "none",
        "dynamic_cost": 5.85457933798241,
        "is_blocked": false
      }
    },
    {
      "type": "Feature",
      "geometry": {
        "type": "LineString",
        "coordinates": [
          [
            5.2,
            23.0
          ],
          [
            7.0,
            24.8
          ]
        ]
      },
      "properties": {
        "entity_type": "road",
        "road_id": "ROAD_INT_NW_1_INT_NW_4",
        "source": "INT_NW_1",
        "target": "INT_NW_4",
        "name": "NW Neighborhood Street (INT_NW_1 -> INT_NW_4)",
        "road_class": "local",
        "distance": 2.927,
        "lane_count": 1,
        "capacity": 365.9,
        "speed_limit": 30.0,
        "current_speed": 29.99,
        "vehicle_count": 51.9,
        "congestion_ratio": 0.1418,
        "congestion_level": "free_flow",
        "incident_status": "none",
        "dynamic_cost": 5.855184793098924,
        "is_blocked": false
      }
    },
    {
      "type": "Feature",
      "geometry": {
        "type": "LineString",
        "coordinates": [
          [
            23.0,
            23.0
          ],
          [
            21.2,
            23.0
          ]
        ]
      },
      "properties": {
        "entity_type": "road",
        "road_id": "ROAD_HUB_NE_SUBURB_INT_NE_1",
        "source": "HUB_NE_SUBURB",
        "target": "INT_NE_1",
        "name": "NE Residential Avenue (HUB_NE_SUBURB -> INT_NE_1)",
        "road_class": "local",
        "distance": 2.07,
        "lane_count": 1,
        "capacity": 258.8,
        "speed_limit": 35.0,
        "current_speed": 35.0,
        "vehicle_count": 20.0,
        "congestion_ratio": 0.0773,
        "congestion_level": "free_flow",
        "incident_status": "none",
        "dynamic_cost": 3.5486347114827335,
        "is_blocked": false
      }
    },
    {
      "type": "Feature",
      "geometry": {
        "type": "LineString",
        "coordinates": [
          [
            21.2,
            23.0
          ],
          [
            23.0,
            23.0
          ]
        ]
      },
      "properties": {
        "entity_type": "road",
        "road_id": "ROAD_INT_NE_1_HUB_NE_SUBURB",
        "source": "INT_NE_1",
        "target": "HUB_NE_SUBURB",
        "name": "NE Residential Avenue (INT_NE_1 -> HUB_NE_SUBURB)",
        "road_class": "local",
        "distance": 2.07,
        "lane_count": 1,
        "capacity": 258.8,
        "speed_limit": 35.0,
        "current_speed": 35.0,
        "vehicle_count": 23.5,
        "congestion_ratio": 0.0908,
        "congestion_level": "free_flow",
        "incident_status": "none",
        "dynamic_cost": 3.54869205373546,
        "is_blocked": false
      }
    },
    {
      "type": "Feature",
      "geometry": {
        "type": "LineString",
        "coordinates": [
          [
            23.0,
            23.0
          ],
          [
            24.8,
            23.0
          ]
        ]
      },
      "properties": {
        "entity_type": "road",
        "road_id": "ROAD_HUB_NE_SUBURB_INT_NE_2",
        "source": "HUB_NE_SUBURB",
        "target": "INT_NE_2",
        "name": "NE Residential Avenue (HUB_NE_SUBURB -> INT_NE_2)",
        "road_class": "local",
        "distance": 2.07,
        "lane_count": 1,
        "capacity": 258.8,
        "speed_limit": 35.0,
        "current_speed": 34.98,
        "vehicle_count": 45.1,
        "congestion_ratio": 0.1743,
        "congestion_level": "free_flow",
        "incident_status": "none",
        "dynamic_cost": 3.550207765137426,
        "is_blocked": false
      }
    },
    {
      "type": "Feature",
      "geometry": {
        "type": "LineString",
        "coordinates": [
          [
            24.8,
            23.0
          ],
          [
            23.0,
            23.0
          ]
        ]
      },
      "properties": {
        "entity_type": "road",
        "road_id": "ROAD_INT_NE_2_HUB_NE_SUBURB",
        "source": "INT_NE_2",
        "target": "HUB_NE_SUBURB",
        "name": "NE Residential Avenue (INT_NE_2 -> HUB_NE_SUBURB)",
        "road_class": "local",
        "distance": 2.07,
        "lane_count": 1,
        "capacity": 258.8,
        "speed_limit": 35.0,
        "current_speed": 34.99,
        "vehicle_count": 34.2,
        "congestion_ratio": 0.1321,
        "congestion_level": "free_flow",
        "incident_status": "none",
        "dynamic_cost": 3.5491125202961964,
        "is_blocked": false
      }
    },
    {
      "type": "Feature",
      "geometry": {
        "type": "LineString",
        "coordinates": [
          [
            23.0,
            23.0
          ],
          [
            23.0,
            21.2
          ]
        ]
      },
      "properties": {
        "entity_type": "road",
        "road_id": "ROAD_HUB_NE_SUBURB_INT_NE_3",
        "source": "HUB_NE_SUBURB",
        "target": "INT_NE_3",
        "name": "NE Residential Avenue (HUB_NE_SUBURB -> INT_NE_3)",
        "road_class": "local",
        "distance": 2.07,
        "lane_count": 1,
        "capacity": 258.8,
        "speed_limit": 35.0,
        "current_speed": 35.0,
        "vehicle_count": 27.5,
        "congestion_ratio": 0.1063,
        "congestion_level": "free_flow",
        "incident_status": "none",
        "dynamic_cost": 3.5487976309894997,
        "is_blocked": false
      }
    },
    {
      "type": "Feature",
      "geometry": {
        "type": "LineString",
        "coordinates": [
          [
            23.0,
            21.2
          ],
          [
            23.0,
            23.0
          ]
        ]
      },
      "properties": {
        "entity_type": "road",
        "road_id": "ROAD_INT_NE_3_HUB_NE_SUBURB",
        "source": "INT_NE_3",
        "target": "HUB_NE_SUBURB",
        "name": "NE Residential Avenue (INT_NE_3 -> HUB_NE_SUBURB)",
        "road_class": "local",
        "distance": 2.07,
        "lane_count": 1,
        "capacity": 258.8,
        "speed_limit": 35.0,
        "current_speed": 35.0,
        "vehicle_count": 30.0,
        "congestion_ratio": 0.1159,
        "congestion_level": "free_flow",
        "incident_status": "none",
        "dynamic_cost": 3.5488917983099113,
        "is_blocked": false
      }
    },
    {
      "type": "Feature",
      "geometry": {
        "type": "LineString",
        "coordinates": [
          [
            23.0,
            23.0
          ],
          [
            23.0,
            24.8
          ]
        ]
      },
      "properties": {
        "entity_type": "road",
        "road_id": "ROAD_HUB_NE_SUBURB_INT_NE_4",
        "source": "HUB_NE_SUBURB",
        "target": "INT_NE_4",
        "name": "NE Residential Avenue (HUB_NE_SUBURB -> INT_NE_4)",
        "road_class": "local",
        "distance": 2.07,
        "lane_count": 1,
        "capacity": 258.8,
        "speed_limit": 35.0,
        "current_speed": 35.0,
        "vehicle_count": 17.4,
        "congestion_ratio": 0.0672,
        "congestion_level": "free_flow",
        "incident_status": "none",
        "dynamic_cost": 3.5486076832000686,
        "is_blocked": false
      }
    },
    {
      "type": "Feature",
      "geometry": {
        "type": "LineString",
        "coordinates": [
          [
            23.0,
            24.8
          ],
          [
            23.0,
            23.0
          ]
        ]
      },
      "properties": {
        "entity_type": "road",
        "road_id": "ROAD_INT_NE_4_HUB_NE_SUBURB",
        "source": "INT_NE_4",
        "target": "HUB_NE_SUBURB",
        "name": "NE Residential Avenue (INT_NE_4 -> HUB_NE_SUBURB)",
        "road_class": "local",
        "distance": 2.07,
        "lane_count": 1,
        "capacity": 258.8,
        "speed_limit": 35.0,
        "current_speed": 35.0,
        "vehicle_count": 20.7,
        "congestion_ratio": 0.08,
        "congestion_level": "free_flow",
        "incident_status": "none",
        "dynamic_cost": 3.5486440471676977,
        "is_blocked": false
      }
    },
    {
      "type": "Feature",
      "geometry": {
        "type": "LineString",
        "coordinates": [
          [
            21.2,
            23.0
          ],
          [
            24.8,
            23.0
          ]
        ]
      },
      "properties": {
        "entity_type": "road",
        "road_id": "ROAD_INT_NE_1_INT_NE_2",
        "source": "INT_NE_1",
        "target": "INT_NE_2",
        "name": "NE Neighborhood Street (INT_NE_1 -> INT_NE_2)",
        "road_class": "local",
        "distance": 4.14,
        "lane_count": 1,
        "capacity": 517.5,
        "speed_limit": 30.0,
        "current_speed": 30.0,
        "vehicle_count": 48.6,
        "congestion_ratio": 0.0939,
        "congestion_level": "free_flow",
        "incident_status": "none",
        "dynamic_cost": 8.280322035687087,
        "is_blocked": false
      }
    },
    {
      "type": "Feature",
      "geometry": {
        "type": "LineString",
        "coordinates": [
          [
            24.8,
            23.0
          ],
          [
            21.2,
            23.0
          ]
        ]
      },
      "properties": {
        "entity_type": "road",
        "road_id": "ROAD_INT_NE_2_INT_NE_1",
        "source": "INT_NE_2",
        "target": "INT_NE_1",
        "name": "NE Neighborhood Street (INT_NE_2 -> INT_NE_1)",
        "road_class": "local",
        "distance": 4.14,
        "lane_count": 1,
        "capacity": 517.5,
        "speed_limit": 30.0,
        "current_speed": 30.0,
        "vehicle_count": 64.5,
        "congestion_ratio": 0.1246,
        "congestion_level": "free_flow",
        "incident_status": "none",
        "dynamic_cost": 8.280999074290202,
        "is_blocked": false
      }
    },
    {
      "type": "Feature",
      "geometry": {
        "type": "LineString",
        "coordinates": [
          [
            24.8,
            23.0
          ],
          [
            23.0,
            21.2
          ]
        ]
      },
      "properties": {
        "entity_type": "road",
        "road_id": "ROAD_INT_NE_2_INT_NE_3",
        "source": "INT_NE_2",
        "target": "INT_NE_3",
        "name": "NE Neighborhood Street (INT_NE_2 -> INT_NE_3)",
        "road_class": "local",
        "distance": 2.927,
        "lane_count": 1,
        "capacity": 365.9,
        "speed_limit": 30.0,
        "current_speed": 30.0,
        "vehicle_count": 29.5,
        "congestion_ratio": 0.0806,
        "congestion_level": "free_flow",
        "incident_status": "none",
        "dynamic_cost": 5.854123669085242,
        "is_blocked": false
      }
    },
    {
      "type": "Feature",
      "geometry": {
        "type": "LineString",
        "coordinates": [
          [
            23.0,
            21.2
          ],
          [
            24.8,
            23.0
          ]
        ]
      },
      "properties": {
        "entity_type": "road",
        "road_id": "ROAD_INT_NE_3_INT_NE_2",
        "source": "INT_NE_3",
        "target": "INT_NE_2",
        "name": "NE Neighborhood Street (INT_NE_3 -> INT_NE_2)",
        "road_class": "local",
        "distance": 2.927,
        "lane_count": 1,
        "capacity": 365.9,
        "speed_limit": 30.0,
        "current_speed": 30.0,
        "vehicle_count": 29.1,
        "congestion_ratio": 0.0795,
        "congestion_level": "free_flow",
        "incident_status": "none",
        "dynamic_cost": 5.854117096803645,
        "is_blocked": false
      }
    },
    {
      "type": "Feature",
      "geometry": {
        "type": "LineString",
        "coordinates": [
          [
            23.0,
            21.2
          ],
          [
            23.0,
            24.8
          ]
        ]
      },
      "properties": {
        "entity_type": "road",
        "road_id": "ROAD_INT_NE_3_INT_NE_4",
        "source": "INT_NE_3",
        "target": "INT_NE_4",
        "name": "NE Neighborhood Street (INT_NE_3 -> INT_NE_4)",
        "road_class": "local",
        "distance": 4.14,
        "lane_count": 1,
        "capacity": 517.5,
        "speed_limit": 30.0,
        "current_speed": 30.0,
        "vehicle_count": 31.7,
        "congestion_ratio": 0.0613,
        "congestion_level": "free_flow",
        "incident_status": "none",
        "dynamic_cost": 8.28005829025745,
        "is_blocked": false
      }
    },
    {
      "type": "Feature",
      "geometry": {
        "type": "LineString",
        "coordinates": [
          [
            23.0,
            24.8
          ],
          [
            23.0,
            21.2
          ]
        ]
      },
      "properties": {
        "entity_type": "road",
        "road_id": "ROAD_INT_NE_4_INT_NE_3",
        "source": "INT_NE_4",
        "target": "INT_NE_3",
        "name": "NE Neighborhood Street (INT_NE_4 -> INT_NE_3)",
        "road_class": "local",
        "distance": 4.14,
        "lane_count": 1,
        "capacity": 517.5,
        "speed_limit": 30.0,
        "current_speed": 30.0,
        "vehicle_count": 67.2,
        "congestion_ratio": 0.1299,
        "congestion_level": "free_flow",
        "incident_status": "none",
        "dynamic_cost": 8.28117716141084,
        "is_blocked": false
      }
    },
    {
      "type": "Feature",
      "geometry": {
        "type": "LineString",
        "coordinates": [
          [
            23.0,
            24.8
          ],
          [
            21.2,
            23.0
          ]
        ]
      },
      "properties": {
        "entity_type": "road",
        "road_id": "ROAD_INT_NE_4_INT_NE_1",
        "source": "INT_NE_4",
        "target": "INT_NE_1",
        "name": "NE Neighborhood Street (INT_NE_4 -> INT_NE_1)",
        "road_class": "local",
        "distance": 2.927,
        "lane_count": 1,
        "capacity": 365.9,
        "speed_limit": 30.0,
        "current_speed": 30.0,
        "vehicle_count": 29.5,
        "congestion_ratio": 0.0806,
        "congestion_level": "free_flow",
        "incident_status": "none",
        "dynamic_cost": 5.854123669085242,
        "is_blocked": false
      }
    },
    {
      "type": "Feature",
      "geometry": {
        "type": "LineString",
        "coordinates": [
          [
            21.2,
            23.0
          ],
          [
            23.0,
            24.8
          ]
        ]
      },
      "properties": {
        "entity_type": "road",
        "road_id": "ROAD_INT_NE_1_INT_NE_4",
        "source": "INT_NE_1",
        "target": "INT_NE_4",
        "name": "NE Neighborhood Street (INT_NE_1 -> INT_NE_4)",
        "road_class": "local",
        "distance": 2.927,
        "lane_count": 1,
        "capacity": 365.9,
        "speed_limit": 30.0,
        "current_speed": 29.99,
        "vehicle_count": 59.8,
        "congestion_ratio": 0.1634,
        "congestion_level": "free_flow",
        "incident_status": "none",
        "dynamic_cost": 5.856088227546763,
        "is_blocked": false
      }
    },
    {
      "type": "Feature",
      "geometry": {
        "type": "LineString",
        "coordinates": [
          [
            7.0,
            7.0
          ],
          [
            5.2,
            7.0
          ]
        ]
      },
      "properties": {
        "entity_type": "road",
        "road_id": "ROAD_HUB_SW_SUBURB_INT_SW_1",
        "source": "HUB_SW_SUBURB",
        "target": "INT_SW_1",
        "name": "SW Residential Avenue (HUB_SW_SUBURB -> INT_SW_1)",
        "road_class": "local",
        "distance": 2.07,
        "lane_count": 1,
        "capacity": 258.8,
        "speed_limit": 35.0,
        "current_speed": 34.99,
        "vehicle_count": 40.8,
        "congestion_ratio": 0.1577,
        "congestion_level": "free_flow",
        "incident_status": "none",
        "dynamic_cost": 3.549667419905434,
        "is_blocked": false
      }
    },
    {
      "type": "Feature",
      "geometry": {
        "type": "LineString",
        "coordinates": [
          [
            5.2,
            7.0
          ],
          [
            7.0,
            7.0
          ]
        ]
      },
      "properties": {
        "entity_type": "road",
        "road_id": "ROAD_INT_SW_1_HUB_SW_SUBURB",
        "source": "INT_SW_1",
        "target": "HUB_SW_SUBURB",
        "name": "SW Residential Avenue (INT_SW_1 -> HUB_SW_SUBURB)",
        "road_class": "local",
        "distance": 2.07,
        "lane_count": 1,
        "capacity": 258.8,
        "speed_limit": 35.0,
        "current_speed": 35.0,
        "vehicle_count": 15.8,
        "congestion_ratio": 0.0611,
        "congestion_level": "free_flow",
        "incident_status": "none",
        "dynamic_cost": 3.5485960773166405,
        "is_blocked": false
      }
    },
    {
      "type": "Feature",
      "geometry": {
        "type": "LineString",
        "coordinates": [
          [
            7.0,
            7.0
          ],
          [
            8.8,
            7.0
          ]
        ]
      },
      "properties": {
        "entity_type": "road",
        "road_id": "ROAD_HUB_SW_SUBURB_INT_SW_2",
        "source": "HUB_SW_SUBURB",
        "target": "INT_SW_2",
        "name": "SW Residential Avenue (HUB_SW_SUBURB -> INT_SW_2)",
        "road_class": "local",
        "distance": 2.07,
        "lane_count": 1,
        "capacity": 258.8,
        "speed_limit": 35.0,
        "current_speed": 35.0,
        "vehicle_count": 21.1,
        "congestion_ratio": 0.0815,
        "congestion_level": "free_flow",
        "incident_status": "none",
        "dynamic_cost": 3.5486498250019163,
        "is_blocked": false
      }
    },
    {
      "type": "Feature",
      "geometry": {
        "type": "LineString",
        "coordinates": [
          [
            8.8,
            7.0
          ],
          [
            7.0,
            7.0
          ]
        ]
      },
      "properties": {
        "entity_type": "road",
        "road_id": "ROAD_INT_SW_2_HUB_SW_SUBURB",
        "source": "INT_SW_2",
        "target": "HUB_SW_SUBURB",
        "name": "SW Residential Avenue (INT_SW_2 -> HUB_SW_SUBURB)",
        "road_class": "local",
        "distance": 2.07,
        "lane_count": 1,
        "capacity": 258.8,
        "speed_limit": 35.0,
        "current_speed": 34.99,
        "vehicle_count": 34.8,
        "congestion_ratio": 0.1345,
        "congestion_level": "free_flow",
        "incident_status": "none",
        "dynamic_cost": 3.549151502629679,
        "is_blocked": false
      }
    },
    {
      "type": "Feature",
      "geometry": {
        "type": "LineString",
        "coordinates": [
          [
            7.0,
            7.0
          ],
          [
            7.0,
            5.2
          ]
        ]
      },
      "properties": {
        "entity_type": "road",
        "road_id": "ROAD_HUB_SW_SUBURB_INT_SW_3",
        "source": "HUB_SW_SUBURB",
        "target": "INT_SW_3",
        "name": "SW Residential Avenue (HUB_SW_SUBURB -> INT_SW_3)",
        "road_class": "local",
        "distance": 2.07,
        "lane_count": 1,
        "capacity": 258.8,
        "speed_limit": 35.0,
        "current_speed": 35.0,
        "vehicle_count": 20.4,
        "congestion_ratio": 0.0788,
        "congestion_level": "free_flow",
        "incident_status": "none",
        "dynamic_cost": 3.5486399280298033,
        "is_blocked": false
      }
    },
    {
      "type": "Feature",
      "geometry": {
        "type": "LineString",
        "coordinates": [
          [
            7.0,
            5.2
          ],
          [
            7.0,
            7.0
          ]
        ]
      },
      "properties": {
        "entity_type": "road",
        "road_id": "ROAD_INT_SW_3_HUB_SW_SUBURB",
        "source": "INT_SW_3",
        "target": "HUB_SW_SUBURB",
        "name": "SW Residential Avenue (INT_SW_3 -> HUB_SW_SUBURB)",
        "road_class": "local",
        "distance": 2.07,
        "lane_count": 1,
        "capacity": 258.8,
        "speed_limit": 35.0,
        "current_speed": 35.0,
        "vehicle_count": 17.8,
        "congestion_ratio": 0.0688,
        "congestion_level": "free_flow",
        "incident_status": "none",
        "dynamic_cost": 3.548611133688151,
        "is_blocked": false
      }
    },
    {
      "type": "Feature",
      "geometry": {
        "type": "LineString",
        "coordinates": [
          [
            7.0,
            7.0
          ],
          [
            7.0,
            8.8
          ]
        ]
      },
      "properties": {
        "entity_type": "road",
        "road_id": "ROAD_HUB_SW_SUBURB_INT_SW_4",
        "source": "HUB_SW_SUBURB",
        "target": "INT_SW_4",
        "name": "SW Residential Avenue (HUB_SW_SUBURB -> INT_SW_4)",
        "road_class": "local",
        "distance": 2.07,
        "lane_count": 1,
        "capacity": 258.8,
        "speed_limit": 35.0,
        "current_speed": 34.99,
        "vehicle_count": 43.2,
        "congestion_ratio": 0.1669,
        "congestion_level": "free_flow",
        "incident_status": "none",
        "dynamic_cost": 3.54994895980643,
        "is_blocked": false
      }
    },
    {
      "type": "Feature",
      "geometry": {
        "type": "LineString",
        "coordinates": [
          [
            7.0,
            8.8
          ],
          [
            7.0,
            7.0
          ]
        ]
      },
      "properties": {
        "entity_type": "road",
        "road_id": "ROAD_INT_SW_4_HUB_SW_SUBURB",
        "source": "INT_SW_4",
        "target": "HUB_SW_SUBURB",
        "name": "SW Residential Avenue (INT_SW_4 -> HUB_SW_SUBURB)",
        "road_class": "local",
        "distance": 2.07,
        "lane_count": 1,
        "capacity": 258.8,
        "speed_limit": 35.0,
        "current_speed": 35.0,
        "vehicle_count": 31.7,
        "congestion_ratio": 0.1225,
        "congestion_level": "free_flow",
        "incident_status": "none",
        "dynamic_cost": 3.5489708243927107,
        "is_blocked": false
      }
    },
    {
      "type": "Feature",
      "geometry": {
        "type": "LineString",
        "coordinates": [
          [
            5.2,
            7.0
          ],
          [
            8.8,
            7.0
          ]
        ]
      },
      "properties": {
        "entity_type": "road",
        "road_id": "ROAD_INT_SW_1_INT_SW_2",
        "source": "INT_SW_1",
        "target": "INT_SW_2",
        "name": "SW Neighborhood Street (INT_SW_1 -> INT_SW_2)",
        "road_class": "local",
        "distance": 4.14,
        "lane_count": 1,
        "capacity": 517.5,
        "speed_limit": 30.0,
        "current_speed": 30.0,
        "vehicle_count": 57.1,
        "congestion_ratio": 0.1103,
        "congestion_level": "free_flow",
        "incident_status": "none",
        "dynamic_cost": 8.28061362544151,
        "is_blocked": false
      }
    },
    {
      "type": "Feature",
      "geometry": {
        "type": "LineString",
        "coordinates": [
          [
            8.8,
            7.0
          ],
          [
            5.2,
            7.0
          ]
        ]
      },
      "properties": {
        "entity_type": "road",
        "road_id": "ROAD_INT_SW_2_INT_SW_1",
        "source": "INT_SW_2",
        "target": "INT_SW_1",
        "name": "SW Neighborhood Street (INT_SW_2 -> INT_SW_1)",
        "road_class": "local",
        "distance": 4.14,
        "lane_count": 1,
        "capacity": 517.5,
        "speed_limit": 30.0,
        "current_speed": 29.99,
        "vehicle_count": 76.9,
        "congestion_ratio": 0.1486,
        "congestion_level": "free_flow",
        "incident_status": "none",
        "dynamic_cost": 8.282018665142251,
        "is_blocked": false
      }
    },
    {
      "type": "Feature",
      "geometry": {
        "type": "LineString",
        "coordinates": [
          [
            8.8,
            7.0
          ],
          [
            7.0,
            5.2
          ]
        ]
      },
      "properties": {
        "entity_type": "road",
        "road_id": "ROAD_INT_SW_2_INT_SW_3",
        "source": "INT_SW_2",
        "target": "INT_SW_3",
        "name": "SW Neighborhood Street (INT_SW_2 -> INT_SW_3)",
        "road_class": "local",
        "distance": 2.927,
        "lane_count": 1,
        "capacity": 365.9,
        "speed_limit": 30.0,
        "current_speed": 29.99,
        "vehicle_count": 55.4,
        "congestion_ratio": 0.1514,
        "congestion_level": "free_flow",
        "incident_status": "none",
        "dynamic_cost": 5.855538197649576,
        "is_blocked": false
      }
    },
    {
      "type": "Feature",
      "geometry": {
        "type": "LineString",
        "coordinates": [
          [
            7.0,
            5.2
          ],
          [
            8.8,
            7.0
          ]
        ]
      },
      "properties": {
        "entity_type": "road",
        "road_id": "ROAD_INT_SW_3_INT_SW_2",
        "source": "INT_SW_3",
        "target": "INT_SW_2",
        "name": "SW Neighborhood Street (INT_SW_3 -> INT_SW_2)",
        "road_class": "local",
        "distance": 2.927,
        "lane_count": 1,
        "capacity": 365.9,
        "speed_limit": 30.0,
        "current_speed": 30.0,
        "vehicle_count": 27.7,
        "congestion_ratio": 0.0757,
        "congestion_level": "free_flow",
        "incident_status": "none",
        "dynamic_cost": 5.854096137353099,
        "is_blocked": false
      }
    },
    {
      "type": "Feature",
      "geometry": {
        "type": "LineString",
        "coordinates": [
          [
            7.0,
            5.2
          ],
          [
            7.0,
            8.8
          ]
        ]
      },
      "properties": {
        "entity_type": "road",
        "road_id": "ROAD_INT_SW_3_INT_SW_4",
        "source": "INT_SW_3",
        "target": "INT_SW_4",
        "name": "SW Neighborhood Street (INT_SW_3 -> INT_SW_4)",
        "road_class": "local",
        "distance": 4.14,
        "lane_count": 1,
        "capacity": 517.5,
        "speed_limit": 30.0,
        "current_speed": 30.0,
        "vehicle_count": 33.3,
        "congestion_ratio": 0.0643,
        "congestion_level": "free_flow",
        "incident_status": "none",
        "dynamic_cost": 8.28007097997771,
        "is_blocked": false
      }
    },
    {
      "type": "Feature",
      "geometry": {
        "type": "LineString",
        "coordinates": [
          [
            7.0,
            8.8
          ],
          [
            7.0,
            5.2
          ]
        ]
      },
      "properties": {
        "entity_type": "road",
        "road_id": "ROAD_INT_SW_4_INT_SW_3",
        "source": "INT_SW_4",
        "target": "INT_SW_3",
        "name": "SW Neighborhood Street (INT_SW_4 -> INT_SW_3)",
        "road_class": "local",
        "distance": 4.14,
        "lane_count": 1,
        "capacity": 517.5,
        "speed_limit": 30.0,
        "current_speed": 30.0,
        "vehicle_count": 54.5,
        "congestion_ratio": 0.1053,
        "congestion_level": "free_flow",
        "incident_status": "none",
        "dynamic_cost": 8.280509266294636,
        "is_blocked": false
      }
    },
    {
      "type": "Feature",
      "geometry": {
        "type": "LineString",
        "coordinates": [
          [
            7.0,
            8.8
          ],
          [
            5.2,
            7.0
          ]
        ]
      },
      "properties": {
        "entity_type": "road",
        "road_id": "ROAD_INT_SW_4_INT_SW_1",
        "source": "INT_SW_4",
        "target": "INT_SW_1",
        "name": "SW Neighborhood Street (INT_SW_4 -> INT_SW_1)",
        "road_class": "local",
        "distance": 2.927,
        "lane_count": 1,
        "capacity": 365.9,
        "speed_limit": 30.0,
        "current_speed": 30.0,
        "vehicle_count": 38.2,
        "congestion_ratio": 0.1044,
        "congestion_level": "free_flow",
        "incident_status": "none",
        "dynamic_cost": 5.854347717490101,
        "is_blocked": false
      }
    },
    {
      "type": "Feature",
      "geometry": {
        "type": "LineString",
        "coordinates": [
          [
            5.2,
            7.0
          ],
          [
            7.0,
            8.8
          ]
        ]
      },
      "properties": {
        "entity_type": "road",
        "road_id": "ROAD_INT_SW_1_INT_SW_4",
        "source": "INT_SW_1",
        "target": "INT_SW_4",
        "name": "SW Neighborhood Street (INT_SW_1 -> INT_SW_4)",
        "road_class": "local",
        "distance": 2.927,
        "lane_count": 1,
        "capacity": 365.9,
        "speed_limit": 30.0,
        "current_speed": 30.0,
        "vehicle_count": 40.1,
        "congestion_ratio": 0.1096,
        "congestion_level": "free_flow",
        "incident_status": "none",
        "dynamic_cost": 5.854422231446378,
        "is_blocked": false
      }
    },
    {
      "type": "Feature",
      "geometry": {
        "type": "LineString",
        "coordinates": [
          [
            23.0,
            7.0
          ],
          [
            21.2,
            7.0
          ]
        ]
      },
      "properties": {
        "entity_type": "road",
        "road_id": "ROAD_HUB_SE_SUBURB_INT_SE_1",
        "source": "HUB_SE_SUBURB",
        "target": "INT_SE_1",
        "name": "SE Residential Avenue (HUB_SE_SUBURB -> INT_SE_1)",
        "road_class": "local",
        "distance": 2.07,
        "lane_count": 1,
        "capacity": 258.8,
        "speed_limit": 35.0,
        "current_speed": 34.99,
        "vehicle_count": 36.7,
        "congestion_ratio": 0.1418,
        "congestion_level": "free_flow",
        "incident_status": "none",
        "dynamic_cost": 3.5492889431422183,
        "is_blocked": false
      }
    },
    {
      "type": "Feature",
      "geometry": {
        "type": "LineString",
        "coordinates": [
          [
            21.2,
            7.0
          ],
          [
            23.0,
            7.0
          ]
        ]
      },
      "properties": {
        "entity_type": "road",
        "road_id": "ROAD_INT_SE_1_HUB_SE_SUBURB",
        "source": "INT_SE_1",
        "target": "HUB_SE_SUBURB",
        "name": "SE Residential Avenue (INT_SE_1 -> HUB_SE_SUBURB)",
        "road_class": "local",
        "distance": 2.07,
        "lane_count": 1,
        "capacity": 258.8,
        "speed_limit": 35.0,
        "current_speed": 34.99,
        "vehicle_count": 34.9,
        "congestion_ratio": 0.1349,
        "congestion_level": "free_flow",
        "incident_status": "none",
        "dynamic_cost": 3.549158198941987,
        "is_blocked": false
      }
    },
    {
      "type": "Feature",
      "geometry": {
        "type": "LineString",
        "coordinates": [
          [
            23.0,
            7.0
          ],
          [
            24.8,
            7.0
          ]
        ]
      },
      "properties": {
        "entity_type": "road",
        "road_id": "ROAD_HUB_SE_SUBURB_INT_SE_2",
        "source": "HUB_SE_SUBURB",
        "target": "INT_SE_2",
        "name": "SE Residential Avenue (HUB_SE_SUBURB -> INT_SE_2)",
        "road_class": "local",
        "distance": 2.07,
        "lane_count": 1,
        "capacity": 258.8,
        "speed_limit": 35.0,
        "current_speed": 34.98,
        "vehicle_count": 44.8,
        "congestion_ratio": 0.1731,
        "congestion_level": "free_flow",
        "incident_status": "none",
        "dynamic_cost": 3.550164658748967,
        "is_blocked": false
      }
    },
    {
      "type": "Feature",
      "geometry": {
        "type": "LineString",
        "coordinates": [
          [
            24.8,
            7.0
          ],
          [
            23.0,
            7.0
          ]
        ]
      },
      "properties": {
        "entity_type": "road",
        "road_id": "ROAD_INT_SE_2_HUB_SE_SUBURB",
        "source": "INT_SE_2",
        "target": "HUB_SE_SUBURB",
        "name": "SE Residential Avenue (INT_SE_2 -> HUB_SE_SUBURB)",
        "road_class": "local",
        "distance": 2.07,
        "lane_count": 1,
        "capacity": 258.8,
        "speed_limit": 35.0,
        "current_speed": 35.0,
        "vehicle_count": 16.7,
        "congestion_ratio": 0.0645,
        "congestion_level": "free_flow",
        "incident_status": "none",
        "dynamic_cost": 3.548602191831175,
        "is_blocked": false
      }
    },
    {
      "type": "Feature",
      "geometry": {
        "type": "LineString",
        "coordinates": [
          [
            23.0,
            7.0
          ],
          [
            23.0,
            5.2
          ]
        ]
      },
      "properties": {
        "entity_type": "road",
        "road_id": "ROAD_HUB_SE_SUBURB_INT_SE_3",
        "source": "HUB_SE_SUBURB",
        "target": "INT_SE_3",
        "name": "SE Residential Avenue (HUB_SE_SUBURB -> INT_SE_3)",
        "road_class": "local",
        "distance": 2.07,
        "lane_count": 1,
        "capacity": 258.8,
        "speed_limit": 35.0,
        "current_speed": 35.0,
        "vehicle_count": 26.4,
        "congestion_ratio": 0.102,
        "congestion_level": "free_flow",
        "incident_status": "none",
        "dynamic_cost": 3.548763552817081,
        "is_blocked": false
      }
    },
    {
      "type": "Feature",
      "geometry": {
        "type": "LineString",
        "coordinates": [
          [
            23.0,
            5.2
          ],
          [
            23.0,
            7.0
          ]
        ]
      },
      "properties": {
        "entity_type": "road",
        "road_id": "ROAD_INT_SE_3_HUB_SE_SUBURB",
        "source": "INT_SE_3",
        "target": "HUB_SE_SUBURB",
        "name": "SE Residential Avenue (INT_SE_3 -> HUB_SE_SUBURB)",
        "road_class": "local",
        "distance": 2.07,
        "lane_count": 1,
        "capacity": 258.8,
        "speed_limit": 35.0,
        "current_speed": 35.0,
        "vehicle_count": 24.3,
        "congestion_ratio": 0.0939,
        "congestion_level": "free_flow",
        "incident_status": "none",
        "dynamic_cost": 3.5487093372389213,
        "is_blocked": false
      }
    },
    {
      "type": "Feature",
      "geometry": {
        "type": "LineString",
        "coordinates": [
          [
            23.0,
            7.0
          ],
          [
            23.0,
            8.8
          ]
        ]
      },
      "properties": {
        "entity_type": "road",
        "road_id": "ROAD_HUB_SE_SUBURB_INT_SE_4",
        "source": "HUB_SE_SUBURB",
        "target": "INT_SE_4",
        "name": "SE Residential Avenue (HUB_SE_SUBURB -> INT_SE_4)",
        "road_class": "local",
        "distance": 2.07,
        "lane_count": 1,
        "capacity": 258.8,
        "speed_limit": 35.0,
        "current_speed": 34.99,
        "vehicle_count": 40.9,
        "congestion_ratio": 0.158,
        "congestion_level": "free_flow",
        "incident_status": "none",
        "dynamic_cost": 3.549678204486825,
        "is_blocked": false
      }
    },
    {
      "type": "Feature",
      "geometry": {
        "type": "LineString",
        "coordinates": [
          [
            23.0,
            8.8
          ],
          [
            23.0,
            7.0
          ]
        ]
      },
      "properties": {
        "entity_type": "road",
        "road_id": "ROAD_INT_SE_4_HUB_SE_SUBURB",
        "source": "INT_SE_4",
        "target": "HUB_SE_SUBURB",
        "name": "SE Residential Avenue (INT_SE_4 -> HUB_SE_SUBURB)",
        "road_class": "local",
        "distance": 2.07,
        "lane_count": 1,
        "capacity": 258.8,
        "speed_limit": 35.0,
        "current_speed": 35.0,
        "vehicle_count": 21.5,
        "congestion_ratio": 0.0831,
        "congestion_level": "free_flow",
        "incident_status": "none",
        "dynamic_cost": 3.548655940946605,
        "is_blocked": false
      }
    },
    {
      "type": "Feature",
      "geometry": {
        "type": "LineString",
        "coordinates": [
          [
            21.2,
            7.0
          ],
          [
            24.8,
            7.0
          ]
        ]
      },
      "properties": {
        "entity_type": "road",
        "road_id": "ROAD_INT_SE_1_INT_SE_2",
        "source": "INT_SE_1",
        "target": "INT_SE_2",
        "name": "SE Neighborhood Street (INT_SE_1 -> INT_SE_2)",
        "road_class": "local",
        "distance": 4.14,
        "lane_count": 1,
        "capacity": 517.5,
        "speed_limit": 30.0,
        "current_speed": 30.0,
        "vehicle_count": 39.2,
        "congestion_ratio": 0.0757,
        "congestion_level": "free_flow",
        "incident_status": "none",
        "dynamic_cost": 8.280136302302633,
        "is_blocked": false
      }
    },
    {
      "type": "Feature",
      "geometry": {
        "type": "LineString",
        "coordinates": [
          [
            24.8,
            7.0
          ],
          [
            21.2,
            7.0
          ]
        ]
      },
      "properties": {
        "entity_type": "road",
        "road_id": "ROAD_INT_SE_2_INT_SE_1",
        "source": "INT_SE_2",
        "target": "INT_SE_1",
        "name": "SE Neighborhood Street (INT_SE_2 -> INT_SE_1)",
        "road_class": "local",
        "distance": 4.14,
        "lane_count": 1,
        "capacity": 517.5,
        "speed_limit": 30.0,
        "current_speed": 30.0,
        "vehicle_count": 55.6,
        "congestion_ratio": 0.1074,
        "congestion_level": "free_flow",
        "incident_status": "none",
        "dynamic_cost": 8.280551642973712,
        "is_blocked": false
      }
    },
    {
      "type": "Feature",
      "geometry": {
        "type": "LineString",
        "coordinates": [
          [
            24.8,
            7.0
          ],
          [
            23.0,
            5.2
          ]
        ]
      },
      "properties": {
        "entity_type": "road",
        "road_id": "ROAD_INT_SE_2_INT_SE_3",
        "source": "INT_SE_2",
        "target": "INT_SE_3",
        "name": "SE Neighborhood Street (INT_SE_2 -> INT_SE_3)",
        "road_class": "local",
        "distance": 2.927,
        "lane_count": 1,
        "capacity": 365.9,
        "speed_limit": 30.0,
        "current_speed": 30.0,
        "vehicle_count": 38.1,
        "congestion_ratio": 0.1041,
        "congestion_level": "free_flow",
        "incident_status": "none",
        "dynamic_cost": 5.854344090741529,
        "is_blocked": false
      }
    },
    {
      "type": "Feature",
      "geometry": {
        "type": "LineString",
        "coordinates": [
          [
            23.0,
            5.2
          ],
          [
            24.8,
            7.0
          ]
        ]
      },
      "properties": {
        "entity_type": "road",
        "road_id": "ROAD_INT_SE_3_INT_SE_2",
        "source": "INT_SE_3",
        "target": "INT_SE_2",
        "name": "SE Neighborhood Street (INT_SE_3 -> INT_SE_2)",
        "road_class": "local",
        "distance": 2.927,
        "lane_count": 1,
        "capacity": 365.9,
        "speed_limit": 30.0,
        "current_speed": 30.0,
        "vehicle_count": 31.7,
        "congestion_ratio": 0.0866,
        "congestion_level": "free_flow",
        "incident_status": "none",
        "dynamic_cost": 5.854164896004775,
        "is_blocked": false
      }
    },
    {
      "type": "Feature",
      "geometry": {
        "type": "LineString",
        "coordinates": [
          [
            23.0,
            5.2
          ],
          [
            23.0,
            8.8
          ]
        ]
      },
      "properties": {
        "entity_type": "road",
        "road_id": "ROAD_INT_SE_3_INT_SE_4",
        "source": "INT_SE_3",
        "target": "INT_SE_4",
        "name": "SE Neighborhood Street (INT_SE_3 -> INT_SE_4)",
        "road_class": "local",
        "distance": 4.14,
        "lane_count": 1,
        "capacity": 517.5,
        "speed_limit": 30.0,
        "current_speed": 30.0,
        "vehicle_count": 43.0,
        "congestion_ratio": 0.0831,
        "congestion_level": "free_flow",
        "incident_status": "none",
        "dynamic_cost": 8.28019734800794,
        "is_blocked": false
      }
    },
    {
      "type": "Feature",
      "geometry": {
        "type": "LineString",
        "coordinates": [
          [
            23.0,
            8.8
          ],
          [
            23.0,
            5.2
          ]
        ]
      },
      "properties": {
        "entity_type": "road",
        "road_id": "ROAD_INT_SE_4_INT_SE_3",
        "source": "INT_SE_4",
        "target": "INT_SE_3",
        "name": "SE Neighborhood Street (INT_SE_4 -> INT_SE_3)",
        "road_class": "local",
        "distance": 4.14,
        "lane_count": 1,
        "capacity": 517.5,
        "speed_limit": 30.0,
        "current_speed": 29.99,
        "vehicle_count": 85.7,
        "congestion_ratio": 0.1656,
        "congestion_level": "free_flow",
        "incident_status": "none",
        "dynamic_cost": 8.283113739042987,
        "is_blocked": false
      }
    },
    {
      "type": "Feature",
      "geometry": {
        "type": "LineString",
        "coordinates": [
          [
            23.0,
            8.8
          ],
          [
            21.2,
            7.0
          ]
        ]
      },
      "properties": {
        "entity_type": "road",
        "road_id": "ROAD_INT_SE_4_INT_SE_1",
        "source": "INT_SE_4",
        "target": "INT_SE_1",
        "name": "SE Neighborhood Street (INT_SE_4 -> INT_SE_1)",
        "road_class": "local",
        "distance": 2.927,
        "lane_count": 1,
        "capacity": 365.9,
        "speed_limit": 30.0,
        "current_speed": 30.0,
        "vehicle_count": 39.1,
        "congestion_ratio": 0.1069,
        "congestion_level": "free_flow",
        "incident_status": "none",
        "dynamic_cost": 5.854381663047804,
        "is_blocked": false
      }
    },
    {
      "type": "Feature",
      "geometry": {
        "type": "LineString",
        "coordinates": [
          [
            21.2,
            7.0
          ],
          [
            23.0,
            8.8
          ]
        ]
      },
      "properties": {
        "entity_type": "road",
        "road_id": "ROAD_INT_SE_1_INT_SE_4",
        "source": "INT_SE_1",
        "target": "INT_SE_4",
        "name": "SE Neighborhood Street (INT_SE_1 -> INT_SE_4)",
        "road_class": "local",
        "distance": 2.927,
        "lane_count": 1,
        "capacity": 365.9,
        "speed_limit": 30.0,
        "current_speed": 29.99,
        "vehicle_count": 57.8,
        "congestion_ratio": 0.158,
        "congestion_level": "free_flow",
        "incident_status": "none",
        "dynamic_cost": 5.855822570926526,
        "is_blocked": false
      }
    }
  ]
}